Frame2044_jpg.rf.bed96f5637c8448cf4b27f6cca527812.jpg,390,184,452,359,Poor Posture
austin_Frame1592_jpg.rf.bef8d3a622f90c430010822e40031f5f.jpg,72,164,161,350,Poor Posture
ashlee_Frame2088_jpg.rf.bfd284dcb65d5c47dc837834194c137e.jpg,368,177,455,362,Poor Posture
Frame1693_jpg.rf.bfdbe252941841537c8574df3fac95b1.jpg,362,146,444,334,Poor Posture
Frame2534_jpg.rf.bfdfb8d641197b975ece843ef5c5e833.jpg,150,177,216,360,Poor Posture
austin_Frame941_jpg.rf.c01fa95f8e7376efe13e624b07f3d4c1.jpg,244,183,353,351,Poor Posture
austin_Frame1587_jpg.rf.c02ccbd105af8b1ef205c32f11a2bb33.jpg,97,163,181,352,Poor Posture
austin_Frame1080_jpg.rf.c02e477c7d814769ed5ae15b16a6b1f7.jpg,164,183,272,351,Poor Posture
Frame3165_jpg.rf.c06c8116fac12d169b649d359d50b5ce.jpg,257,180,323,359,Poor Posture
austin_Frame1106_jpg.rf.c07a47f40cb702ee627071dbb6eecce6.jpg,287,188,400,350,Poor Posture
ashlee_Frame1273_jpg.rf.c0d2d0ef06ffd898e707faccfe88dd42.jpg,65,164,141,354,Poor Posture
Frame2158_jpg.rf.c17dae39cda8f62861ecdf906b0fd146.jpg,236,183,305,360,Poor Posture
Frame1295_jpg.rf.c1389234bc95bb6303006978f7949fac.jpg,122,145,191,329,Poor Posture
Frame2034_jpg.rf.c1b2e09d76a8af345c4fa799557ddd3a.jpg,341,179,405,357,Poor Posture
Frame2182_jpg.rf.c1b68b0a0f6bfdf79f7b1cce9b4d5962.jpg,113,179,181,358,Poor Posture
Frame2093_jpg.rf.c1f2c8505d74d2e33610fb84dd65c67f.jpg,307,151,418,332,Poor Posture
Frame1729_jpg.rf.c2df2927335c6331d876645b6edbacd6.jpg,166,149,246,327,Poor Posture
austin_Frame1062_jpg.rf.c35a967d877dcb0fdc0cf081b4c113c3.jpg,80,181,184,349,Poor Posture
Frame2877_jpg.rf.c31d7f3ecf5911a76bc43290db998a8c.jpg,106,185,188,355,Poor Posture
ashlee_Frame2141_jpg.rf.c28349caed3e1f1ee49bb98c936132a7.jpg,209,161,321,334,Poor Posture
Frame2359_jpg.rf.c1f57395954475d351489b8701209546.jpg,298,184,362,357,Poor Posture
Frame2337_jpg.rf.c002c8b763eb4dd122f7271eb5379c7a.jpg,197,182,259,363,Poor Posture
ashlee_Frame1051_jpg.rf.c418e2049dc1a1484f1630de8d603989.jpg,219,171,294,354,Poor Posture
Frame2099_jpg.rf.c4711074dae308eaafcb991da0b262fb.jpg,298,149,409,333,Poor Posture
Frame2656_jpg.rf.c5153b67bc3ebd36bb1358687aaabb40.jpg,28,193,126,360,Poor Posture
Frame2826_jpg.rf.c20c3435fb1a7a9f8d1eac1393300424.jpg,347,193,446,361,Poor Posture
Frame2379_jpg.rf.c5bd72bdfacea5562d97822f34f63fa7.jpg,384,185,451,362,Poor Posture
Frame2047_jpg.rf.c6237e7425dcd0506f0241ee6c017e33.jpg,404,183,453,363,Poor Posture
ashlee_Frame1040_jpg.rf.be835d3fa9bbbebe6c632c377785d7ea.jpg,179,179,252,354,Poor Posture
Frame2001_jpg.rf.bf5136d83e7e276a41970fd906223bbe.jpg,171,182,238,376,Poor Posture
Frame2706_jpg.rf.c3a07d43b36a29ec2eb1e690296e2620.jpg,299,192,386,361,Poor Posture
austin_Frame1438_jpg.rf.c39f0e9a360dc435f8d64ead08b9e307.jpg,344,164,417,351,Poor Posture
austin_Frame961_jpg.rf.c6501c6552b2f554f15c68b5fcb06c0f.jpg,147,187,289,352,Poor Posture
Frame1998_jpg.rf.c47c9fa8d751009c4b9791c5f3bb9fe6.jpg,147,179,218,377,Poor Posture
ashlee_Frame1977_jpg.rf.c696da0e4c4035a029fcb815c8075111.jpg,324,178,400,361,Poor Posture
Frame2311_jpg.rf.c6be9216087f3911561536da9e03258b.jpg,63,186,137,359,Poor Posture
Frame3192_jpg.rf.c6e903410dd67e1e761cab94567d7bef.jpg,114,182,178,357,Poor Posture
ashlee_Frame1073_jpg.rf.c762788d9414f90c118e1e1068e146b7.jpg,313,171,382,355,Poor Posture
Frame2178_jpg.rf.c7d42e19ff7332986711f5af0e7093f4.jpg,134,180,201,355,Poor Posture
Frame1473_jpg.rf.c7b824d9f0174c6d73c6d663db2a70bc.jpg,108,146,190,333,Poor Posture
Frame2375_jpg.rf.c7d781a47a35913537fd57a40fbc10a8.jpg,361,187,433,359,Poor Posture
austin_Frame1560_jpg.rf.c7e06edf418a9ef8276e6a1f60f92279.jpg,244,167,322,351,Poor Posture
ashlee_Frame1080_jpg.rf.c6b061882ed9d182f69887343b43a49a.jpg,339,172,411,356,Poor Posture
Frame3048_jpg.rf.c833774c4f295e44935057b609dea89b.jpg,397,185,453,363,Poor Posture
austin_Frame1425_jpg.rf.c8964d453ab2f02ab8918b228f774a58.jpg,267,161,352,351,Poor Posture
Frame2360_jpg.rf.c8a1cb88fb989552b67ff9159af121c6.jpg,301,183,367,358,Poor Posture
Frame2190_jpg.rf.c8ff180012bcd02462a11982da63fcf8.jpg,76,181,145,357,Poor Posture
ashlee_Frame1015_jpg.rf.c92cca2586e8912e545f79625736c5ed.jpg,34,171,120,349,Poor Posture
austin_Frame1287_jpg.rf.c94671ab506859e2525bc7afeba42d1e.jpg,94,171,195,349,Poor Posture
austin_Frame1280_jpg.rf.c7b1747cce0da9dd825240e0c7c629af.jpg,133,167,229,348,Poor Posture
ashlee_Frame1055_jpg.rf.c85a2d012adeca03929c856ac63c43a7.jpg,233,167,308,355,Poor Posture
austin_Frame1298_jpg.rf.c95a77bd9f5b071f2c64f66a564b22be.jpg,44,170,139,347,Poor Posture
Frame2097_jpg.rf.ca00754cbea9d4954d9f81e0e525e4f1.jpg,301,151,410,331,Poor Posture
Frame2371_jpg.rf.ca09713c236e890d158794d39a09443e.jpg,344,184,414,359,Poor Posture
austin_Frame977_jpg.rf.c920d1076da893cca2fb16cf360fde5a.jpg,65,185,189,349,Poor Posture
Frame2366_jpg.rf.ca09e48324e8b9115c40520d4c5aba65.jpg,324,184,392,357,Poor Posture
ashlee_Frame1239_jpg.rf.ca7ef340a2c431934a20b5914224a434.jpg,227,168,297,355,Poor Posture
austin_Frame1261_jpg.rf.c9db0c7b16b87eca4462d7a770161e25.jpg,228,169,321,352,Poor Posture
Frame2715_jpg.rf.c73e6c183d0a4d0f80b747e738e19743.jpg,339,188,426,358,Poor Posture
austin_Frame1410_jpg.rf.cac8519d2a9d2b574b770e296d88a953.jpg,187,167,280,350,Poor Posture
austin_Frame987_jpg.rf.caff72d0bf334b85765be43b8877ac6f.jpg,22,186,138,349,Poor Posture
Frame2522_jpg.rf.cafe9954098d95f3f5b2fd8cb68ba76d.jpg,212,179,279,361,Poor Posture
austin_Frame1276_jpg.rf.ca442a51fd85416badfb9cf9a93f3f91.jpg,150,168,244,351,Poor Posture
Frame2088_jpg.rf.cb16f144366adbbe63e5d8f085ce0f7d.jpg,318,148,424,333,Poor Posture
Frame2164_jpg.rf.cb1d1184b71e53fbda75229e4b0364d6.jpg,210,182,275,360,Poor Posture
ashlee_Frame1267_jpg.rf.cb5cbac49e6cca07e5ab43f3ea2af4c2.jpg,89,166,161,354,Poor Posture
ashlee_Frame1067_jpg.rf.cb711d89b9b808da614083d72ba0afcf.jpg,281,175,360,355,Poor Posture
Frame2124_jpg.rf.cb992cfe3e30630ca9df24f7e2ef9c37.jpg,389,182,453,362,Poor Posture
austin_Frame1257_jpg.rf.cb9dea4750d51fb134c985104ab2391b.jpg,247,168,339,351,Poor Posture
austin_Frame1057_jpg.rf.cc6a6d7abe79484955beff7516da8330.jpg,52,183,160,347,Poor Posture
Frame1916_jpg.rf.ca8ac6f96594f152e84d67f9f96d6e7b.jpg,205,145,284,329,Poor Posture
ashlee_Frame1986_jpg.rf.cceb1a02199b93e753da8667024fb3a9.jpg,367,179,445,359,Poor Posture
austin_Frame1289_jpg.rf.ccf2fdb7303baecb02f5b529326bd059.jpg,88,171,183,351,Poor Posture
Frame2527_jpg.rf.cab296013a1aedbe26d805033f6c3ff8.jpg,185,181,253,361,Poor Posture
Frame2863_jpg.rf.cd6c7d9f08504e910988b7585e5062ca.jpg,170,186,266,357,Poor Posture
ashlee_Frame1019_jpg.rf.cd7101c38f17952421b95b6b0f228942.jpg,52,177,130,354,Poor Posture
Frame2684_jpg.rf.cdb8e5ad444ded4379fefd864e7e7156.jpg,191,188,281,358,Poor Posture
austin_Frame1414_jpg.rf.ceeb19d1346296c490edc7525570403a.jpg,217,167,306,352,Poor Posture
Frame1899_jpg.rf.ce92bb3ed30e02355dcf4119b42240b8.jpg,99,147,186,343,Poor Posture
Frame3014_jpg.rf.cef0c10c18f91c0c9cdd137f835452c7.jpg,215,185,287,356,Poor Posture
Frame2505_jpg.rf.cef2686d001d8a0530ac34fda1632876.jpg,286,175,349,359,Poor Posture
Frame2347_jpg.rf.cfe1140816dbe8a6ea45354278cc712f.jpg,237,182,306,356,Poor Posture
Frame3139_jpg.rf.d01f9eb6f537aa75249e81cd7a54fb55.jpg,381,180,451,363,Poor Posture
ashlee_Frame1249_jpg.rf.d0afe1190241334bd58577760de958c1.jpg,175,168,248,355,Poor Posture
ashlee_Frame2148_jpg.rf.d0f2fa37f46e56c699310585209e744c.jpg,194,152,299,326,Poor Posture
Frame2714_jpg.rf.d0f3674b7bce24951ddf1b53ddfe4cc5.jpg,333,190,421,361,Poor Posture
Frame2183_jpg.rf.d10490918fd9909e2a3c77917376b66f.jpg,109,177,177,355,Poor Posture
Frame2701_jpg.rf.d1c0e753dc7a98f37aa94654be9ef36b.jpg,272,194,360,359,Poor Posture
ashlee_Frame2101_jpg.rf.cdbc4d23da4a5197bd3b7615c297c0fb.jpg,311,179,376,359,Poor Posture
Frame2134_jpg.rf.cfada67fe59ae558bbd495a24dfee1db.jpg,349,184,424,360,Poor Posture
Frame2984_jpg.rf.cf46aa7e3d24fe54243626e3c89acf50.jpg,56,181,138,361,Poor Posture
austin_Frame940_jpg.rf.d24109581b9de80ea08b56a7e37a9808.jpg,248,184,357,349,Poor Posture
ashlee_Frame2119_jpg.rf.cd40a81a93d39fc68299970148a8f070.jpg,225,181,293,358,Poor Posture
ashlee_Frame2143_jpg.rf.d2bac182dcb098d1fa8f1082572c9502.jpg,205,166,315,333,Poor Posture
Frame2871_jpg.rf.d2e6a956dfd416d996d713f126502b43.jpg,136,189,217,349,Poor Posture
Frame2539_jpg.rf.d2ea1eb8926aa11ca3f3aedf3530a33e.jpg,124,174,195,364,Poor Posture
Frame2988_jpg.rf.d30a7b3b408f4848b6e61cbff18abe13.jpg,84,188,159,355,Poor Posture
ashlee_Frame1960_jpg.rf.d33d214487fc8ad230e1b8c483cf0a0e.jpg,232,175,312,359,Poor Posture
Frame3147_jpg.rf.d20e8641b2898257791fb0cd7d409362.jpg,346,181,425,361,Poor Posture
Frame2671_jpg.rf.d3732838b5895782a85772e38b997462.jpg,112,189,206,357,Poor Posture
austin_Frame1088_jpg.rf.d377284abab0d81a285b8d3bdab64279.jpg,203,190,312,349,Poor Posture
austin_Frame1588_jpg.rf.d4d1f51b8d9b345ccfe4161ac2eea436.jpg,88,163,175,349,Poor Posture
Frame2185_jpg.rf.d547458f5ea8f0504b3469385b6bff09.jpg,97,181,167,356,Poor Posture
austin_Frame1270_jpg.rf.d54765ac0701163b355cfc1c2960e9e0.jpg,184,173,274,350,Poor Posture
Frame3146_jpg.rf.d59c3f569df6af3b27da83ae6b3e5b67.jpg,352,180,428,361,Poor Posture
ashlee_Frame1945_jpg.rf.d64058bcfcf7fa81a357317817833a45.jpg,145,173,235,355,Poor Posture
Frame3195_jpg.rf.d04c377b580569c24114c81af5372b37.jpg,100,182,163,355,Poor Posture
austin_Frame1579_jpg.rf.d6a0a535ab54a21c8d482f6ef82405e2.jpg,150,169,229,349,Poor Posture
Frame3160_jpg.rf.d79cc5ec5c0cfc7450077277912d3b9b.jpg,280,179,343,361,Poor Posture
Frame3151_jpg.rf.d7c7f8fa198478b01282c372a7bc2f9d.jpg,326,181,403,361,Poor Posture
Frame2690_jpg.rf.d81004437f45fc618cf35eefdce12678.jpg,217,191,306,356,Poor Posture
austin_Frame1565_jpg.rf.cff88bab7dbc0f00c8054819ee738d1e.jpg,222,171,301,350,Poor Posture
Frame1929_jpg.rf.d264c0f324bc9b5e66de13b665ca2593.jpg,275,150,356,332,Poor Posture
ashlee_Frame1082_jpg.rf.d94f9fa95b22e05c70c19d4057a9c78c.jpg,343,173,420,355,Poor Posture
Frame2361_jpg.rf.d9a0332a912ff8d0e834a29301fa3bdc.jpg,307,183,372,360,Poor Posture
ashlee_Frame2092_jpg.rf.d9a32d48ea256d30db281d1f3d734391.jpg,353,176,440,359,Poor Posture
austin_Frame980_jpg.rf.d6510483ddda830b2aa56c063b6a4bbb.jpg,56,183,175,351,Poor Posture
Frame2346_jpg.rf.dbadef71da756b0afae5e6c8ce471420.jpg,231,181,299,356,Poor Posture
austin_Frame1548_jpg.rf.dbddf001277e0540b7336a5b2920d00a.jpg,303,165,385,351,Poor Posture
Frame2352_jpg.rf.d72b76f6c5844ad7c2fd1617f41fbb2e.jpg,261,184,328,359,Poor Posture
ashlee_Frame1220_jpg.rf.dbe286d4994fa22bfa35235d1c0bc79a.jpg,304,169,383,357,Poor Posture
Frame2876_jpg.rf.dc844087d3d989ef979cef3455c7de0c.jpg,107,183,191,361,Poor Posture
ashlee_Frame1031_jpg.rf.dca88ee0bdb988d1664dcbeda6fec1c4.jpg,134,173,215,357,Poor Posture
Frame2547_jpg.rf.d8e940b8a866d9a36e9c670b0dae662e.jpg,87,181,161,359,Poor Posture
Frame2147_jpg.rf.d6927b9bc185bca528e3c1ef1f68f377.jpg,293,181,368,361,Poor Posture
austin_Frame1260_jpg.rf.dcb0c437087aab04282569e2c543587c.jpg,236,168,330,352,Poor Posture
Frame3145_jpg.rf.dcb320554556c68e22c3115910c8de66.jpg,356,178,434,361,Poor Posture
Frame3199_jpg.rf.d66baa148f4ff4525f5c10b69b3aff78.jpg,78,179,147,355,Poor Posture
austin_Frame1543_jpg.rf.dce9cb89924819da6bc8f012d1044102.jpg,335,170,422,353,Poor Posture
Frame2184_jpg.rf.dceb88f722d58f8cf5a27cca39af7de4.jpg,105,176,173,351,Poor Posture
Frame1723_jpg.rf.dd5327bab9a4cc09ad4ecdb90d628dfa.jpg,197,148,274,329,Poor Posture
Frame2152_jpg.rf.dd568352c1ad566717b068d4e720c122.jpg,267,185,341,360,Poor Posture
austin_Frame1586_jpg.rf.d9467ea50015265100f35d8da8ceb3d9.jpg,103,167,185,350,Poor Posture
Frame2150_jpg.rf.de274e132e53d0913f886017f41f8db4.jpg,278,181,353,359,Poor Posture
Frame2697_jpg.rf.db98ad5264b232103c34eabe4f5f2ab7.jpg,249,189,338,356,Poor Posture
austin_Frame1426_jpg.rf.de64eb202595a870ccdd9ad098243cd2.jpg,274,163,362,350,Poor Posture
Frame1477_jpg.rf.dea6bf7ddec2dc43119e8d60a3e115bb.jpg,125,147,208,332,Poor Posture
Frame2497_jpg.rf.dc0085605ff66e6d5f9516ae62fcdf10.jpg,324,176,397,363,Poor Posture
Frame2343_jpg.rf.decbe0a552647cfdc0d18661c11ed98c.jpg,221,179,286,356,Poor Posture
Frame2024_jpg.rf.d4e5194ef22ac6edcf98ebd5814ef193.jpg,290,183,359,360,Poor Posture
Frame3193_jpg.rf.dc12030c2ae0301b98677704c0c34f2b.jpg,108,185,173,356,Poor Posture
Frame1895_jpg.rf.df2267fcf2752f0d12888e33f583d563.jpg,81,144,163,339,Poor Posture
Frame2329_jpg.rf.dfd27eeb97ae282c74f1e5c2d4ac3655.jpg,142,183,216,357,Poor Posture
Frame2856_jpg.rf.dfd43ae0b774ae3a5b2cb9bad5020b58.jpg,203,192,289,360,Poor Posture
Frame2710_jpg.rf.dfeac2c358e8e42f1cd90e21e6bc5b59.jpg,318,190,403,359,Poor Posture
Frame1922_jpg.rf.e075b6ab850c0ca367a5a74308096948.jpg,230,145,318,326,Poor Posture
Frame2367_jpg.rf.e0878932f547d7b0069f724f5a0c03db.jpg,327,184,397,360,Poor Posture
austin_Frame1299_jpg.rf.e0cfa2147df9c1533ab0281d105aae7e.jpg,44,169,136,349,Poor Posture
Frame2520_jpg.rf.de064e998e60a8be94ac97e1272ff5b7.jpg,221,179,288,360,Poor Posture
Frame2536_jpg.rf.e218c9f83a63bf110b76371af8abdb43.jpg,140,175,208,356,Poor Posture
austin_Frame1584_jpg.rf.da85b5aecf23f582e7f314a07f3e18ca.jpg,116,169,196,349,Poor Posture
austin_Frame1570_jpg.rf.e2dbd4095dd99f49b44d2ae63c38371a.jpg,187,172,265,351,Poor Posture
Frame2510_jpg.rf.e31add6faf4937e267cf86cdcfa67164.jpg,262,176,326,359,Poor Posture
Frame2348_jpg.rf.e36abe88642e9b547ad535e5ed2c1316.jpg,240,182,310,355,Poor Posture
austin_Frame933_jpg.rf.e36ddbb95afa5864134dd1c94c3035fe.jpg,282,190,378,352,Poor Posture
ashlee_Frame1023_jpg.rf.e38effb5572d4497f67267b13d18a2d3.jpg,65,176,146,351,Poor Posture
Frame2142_jpg.rf.e4927e3808238eda0a5f04a6d2f0119c.jpg,314,182,391,361,Poor Posture
Frame3194_jpg.rf.e4a4f5607f308515e364761449a3f3fd.jpg,103,184,164,353,Poor Posture
austin_Frame1290_jpg.rf.e4ac43620d43efbde6ba0c4310118c9f.jpg,82,174,174,349,Poor Posture
austin_Frame1083_jpg.rf.e130fdf5409970e663f827fe6c133ea2.jpg,181,187,289,349,Poor Posture
Frame2170_jpg.rf.e5a7a6d14267efa91bb67ca1ea70ad8f.jpg,178,183,247,361,Poor Posture
Frame2331_jpg.rf.e5c07c5711c7bdd25bbf32e33fd867ed.jpg,161,187,225,356,Poor Posture
Frame1997_jpg.rf.e0f8d9ee63d211478365e54969f62a50.jpg,143,179,212,385,Poor Posture
austin_Frame1581_jpg.rf.e5df53e7b80c44c9bb3cc1fde9d1629e.jpg,142,168,219,349,Poor Posture
Frame2176_jpg.rf.e60aebb23d90ab1e8c7ff6d8af9dfad7.jpg,146,183,211,355,Poor Posture
austin_Frame1060_jpg.rf.e32866d30cfaaa531a8115561b1c8d66.jpg,68,180,174,349,Poor Posture
Frame2315_jpg.rf.e6516011c0af01e51158a66b016af73f.jpg,79,183,157,365,Poor Posture
Frame2694_jpg.rf.e66b1d17f0a674de37d07591bf44df31.jpg,233,188,326,357,Poor Posture
Frame2345_jpg.rf.e0e8dfc6a25535af5d6a862dd6dc0943.jpg,227,180,296,357,Poor Posture
Frame2105_jpg.rf.e67c4c0b49d1dfdd36ee98a8f61458f3.jpg,281,153,396,331,Poor Posture
Frame1521_jpg.rf.e037192e1d9ce8bb9ed2a91574cda07f.jpg,365,145,448,323,Poor Posture
ashlee_Frame1262_jpg.rf.e6b959effbf25e68e92d5e2c61f1073d.jpg,116,167,187,357,Poor Posture
Frame2699_jpg.rf.e6a803d432d750f61cdd41210cd1c98f.jpg,259,192,347,357,Poor Posture
Frame2675_jpg.rf.e6e3245ec61f34205581f52de77f8552.jpg,132,189,226,359,Poor Posture
Frame3026_jpg.rf.e6faa5b4a528e74741e65b25e2262b2e.jpg,276,186,344,361,Poor Posture
Frame2670_jpg.rf.e71cbfd255ec7a47153a611cffc8c3e2.jpg,107,189,203,358,Poor Posture
Frame3197_jpg.rf.e76c82c44cea5a1c9def88134c5b4330.jpg,87,180,154,355,Poor Posture
Frame3029_jpg.rf.e587eed277c02521edbf08a68faaa634.jpg,296,187,362,359,Poor Posture
austin_Frame2128_jpg.rf.e7d909c4553e63f56deba8a0273d8c25.jpg,180,182,255,358,Poor Posture
ashlee_Frame2110_jpg.rf.e8adcbad639affb740763d032ac230bd.jpg,268,179,338,358,Poor Posture
Frame3177_jpg.rf.e4d8b6d77ed64ffdd3021a1defb9e1cd.jpg,190,181,256,359,Poor Posture
austin_Frame1073_jpg.rf.e389aee93f9c5b4e6841fe6b75bc97cc.jpg,142,188,244,344,Poor Posture
Frame2504_jpg.rf.e9aa7d8e04f7ccd27a279d57af51e9f6.jpg,288,177,356,362,Poor Posture
Frame2353_jpg.rf.ea62e8b80a0896069936a5de9f8696ac.jpg,267,185,334,357,Poor Posture
Frame2982_jpg.rf.e4ab159ba03cd40ce6b629fab121a65e.jpg,49,185,128,355,Poor Posture
Frame2868_jpg.rf.dec9586d9103254595820c5cc1aeec97.jpg,152,193,238,361,Poor Posture
Frame2488_jpg.rf.e2a2bb6b1df727287b138b83c07300f9.jpg,360,173,429,361,Poor Posture
austin_Frame1413_jpg.rf.e79e66cff527dfd3a2a0c136aa58140d.jpg,205,171,296,349,Poor Posture
Frame2313_jpg.rf.ea8bfedb8b91696ca3ca1984ffb0f9e1.jpg,72,181,146,367,Poor Posture
Frame2191_jpg.rf.eb55f6ab02a3fe32f2f60470bc8bbc97.jpg,71,183,139,357,Poor Posture
Frame3136_jpg.rf.eb7564160e767f91369109158b41b03b.jpg,395,183,451,361,Poor Posture
Frame2155_jpg.rf.ebb69ac87250df6a5ef536211ba65b19.jpg,252,185,321,359,Poor Posture
austin_Frame1283_jpg.rf.e8b3ab3cae0a7b379d66dab1a068438c.jpg,118,167,215,351,Poor Posture
Frame2523_jpg.rf.ec2b48909ef7ce66feac50d762a97201.jpg,207,178,273,357,Poor Posture
Frame2321_jpg.rf.ecf09f55fbb794b8d1b2f5ebc7427b0b.jpg,101,176,182,361,Poor Posture
ashlee_Frame1276_jpg.rf.ecf70de44f8b37e05ff6ce68d118ef13.jpg,46,167,130,351,Poor Posture
austin_Frame1375_jpg.rf.ed13567e58e17d62c136b1f8c65f9fbe.jpg,12,165,92,349,Poor Posture
austin_Frame932_jpg.rf.e604bfae3322029b409c0bd01da1febe.jpg,286,189,384,350,Poor Posture
Frame2322_jpg.rf.ed1dcf3b45224f0033281403390a5db5.jpg,108,183,187,358,Poor Posture
austin_Frame1089_jpg.rf.ed9d9e024ed8769693cc22de1e6e07b2.jpg,208,190,317,349,Poor Posture
Frame1920_jpg.rf.ed660b469e578124d4f147046a380dae.jpg,222,144,305,327,Poor Posture
austin_Frame1296_jpg.rf.edc155599428eda358a5a482dcdabb92.jpg,50,169,146,348,Poor Posture
austin_Frame1416_jpg.rf.edc16d39af69a6e724a4f770c04f7e33.jpg,232,159,315,350,Poor Posture
ashlee_Frame1039_jpg.rf.ee240f15c14be5873132660cc0a8fe95.jpg,169,176,244,354,Poor Posture
Frame2357_jpg.rf.ee3d5ba9f0c95e0cd199e5f55348f0b4.jpg,287,183,352,357,Poor Posture
ashlee_Frame1244_jpg.rf.ee538cc04927f5168ce2fba2f87292e1.jpg,198,167,269,356,Poor Posture
ashlee_Frame1063_jpg.rf.ee96cb4f71dbff91c15aca797afcef18.jpg,263,174,344,356,Poor Posture
Frame2512_jpg.rf.ea67a7a5518505ec0177f599fffa424e.jpg,254,177,317,359,Poor Posture
ashlee_Frame1937_jpg.rf.ee9919ce3d1a976c5316961b7756f92e.jpg,115,171,204,354,Poor Posture
Frame2842_jpg.rf.eeef63198b3f7a8f496049f3142086d7.jpg,274,188,366,362,Poor Posture
Frame2023_jpg.rf.f01f486616bf5805f694ba13d533f6e8.jpg,282,183,352,359,Poor Posture
Frame2695_jpg.rf.ea152ec64930d0adb4ad5d7f2ca4d97a.jpg,242,189,326,357,Poor Posture
Frame2011_jpg.rf.f0adcdf97a5ee10a638ae4360c3270de.jpg,221,181,292,359,Poor Posture
austin_Frame1378_jpg.rf.f124b3a65f6acdedc99106f01cf4c4dd.jpg,27,164,114,349,Poor Posture
ashlee_Frame1017_jpg.rf.eddfa76aee9fa1587f51ae9758aa5ff7.jpg,46,170,124,353,Poor Posture
Frame1698_jpg.rf.ed504f9ee07e87787368201bcc266b95.jpg,334,146,414,335,Poor Posture
austin_Frame1295_jpg.rf.ee0852233d5df54c3eb0c2060cefb7f2.jpg,57,168,151,346,Poor Posture
austin_Frame1380_jpg.rf.f16a0a09b5e06f2710f792c0ba28779c.jpg,34,163,124,349,Poor Posture
Frame3175_jpg.rf.f1937704392fd1614e5bb6787fa29f08.jpg,202,182,265,360,Poor Posture
Frame2014_jpg.rf.f1fcc37ab9e4a4bc7d27a5a74cdcb1d6.jpg,233,181,306,358,Poor Posture
Frame2548_jpg.rf.f22c728e96b6fb95bf6361dddc3a6d45.jpg,82,187,152,354,Poor Posture
austin_Frame1246_jpg.rf.ef3b66b004e8b8ea3e22fac588dc76e7.jpg,308,170,402,351,Poor Posture
Frame1297_jpg.rf.f22d6cda0b4a84b2d29400a78c2e7ad4.jpg,112,147,180,331,Poor Posture
Frame3004_jpg.rf.eefbaef21cefd5a64c66d6bcfd150096.jpg,151,187,232,359,Poor Posture
Frame2368_jpg.rf.f263b4b7ae4da0ef3bf1e5613a85ccc8.jpg,329,184,399,361,Poor Posture
Frame2722_jpg.rf.f276224ffc2c51390420cde10edb77c6.jpg,378,193,452,361,Poor Posture
Frame2138_jpg.rf.f2794621e32d2b82c23986e43ce42a0c.jpg,333,181,403,359,Poor Posture
Frame1906_jpg.rf.f048b2a93b883a26cf36bcc9ef60c7b2.jpg,137,141,223,345,Poor Posture
Frame3176_jpg.rf.f2ef05c500c0fac90f23ae0b3a4e308b.jpg,197,179,261,359,Poor Posture
Frame1914_jpg.rf.f322dfb9fd2e7ace7499d50c2cc8e5ae.jpg,195,143,273,329,Poor Posture
ashlee_Frame1979_jpg.rf.f3564562ca3a22a03f8ef77d937d4215.jpg,332,177,412,357,Poor Posture
ashlee_Frame1230_jpg.rf.f3a4708557fc7083b2409defbeaa5700.jpg,267,165,349,356,Poor Posture
austin_Frame1284_jpg.rf.f358cdcbaf8a443ce081643e8ec564c1.jpg,113,166,211,351,Poor Posture
ashlee_Frame2136_jpg.rf.f426b3057211a5ebb06bce8459adbbf4.jpg,221,165,329,331,Poor Posture
ashlee_Frame1251_jpg.rf.f2f5cb258e57631c81e9620df0aa3ae4.jpg,168,169,243,356,Poor Posture
Frame2118_jpg.rf.f47d4e400b04c9d31213b4734e6ea51d.jpg,245,154,352,331,Poor Posture
austin_Frame1250_jpg.rf.f4a02818f189d04cb9e3a1f1828c71d2.jpg,281,168,372,352,Poor Posture
Frame2836_jpg.rf.f304035647743d9a84e4a8873cc38663.jpg,300,192,394,359,Poor Posture
Frame2846_jpg.rf.f4a0b54a409a1c50161d471a8e0634cc.jpg,256,190,349,359,Poor Posture
austin_Frame1374_jpg.rf.f4d7077543b06d7e69213492b35268a2.jpg,0,166,89,347,Poor Posture
Frame2186_jpg.rf.f5001ef99686bba4850930d73431fc11.jpg,94,179,165,362,Poor Posture
Frame2135_jpg.rf.f516ce9ab0120c4f97483b2056cc4bd8.jpg,347,183,418,361,Poor Posture
Frame2000_jpg.rf.f56d32c9a8611e2a184d994ac095f259.jpg,162,183,230,379,Poor Posture
Frame2078_jpg.rf.f596d29b79d558364239288421fb6903.jpg,329,147,438,332,Poor Posture
Frame2036_jpg.rf.f5c283e848dc0b0275c0a19a194e0c15.jpg,346,181,414,360,Poor Posture
Frame2828_jpg.rf.f5c4953bc3d60215d1e1b47bf7d3371d.jpg,338,193,433,360,Poor Posture
Frame1981_jpg.rf.f61c327d3515e7e38e4e127682bcf1fd.jpg,54,183,128,381,Poor Posture
Frame3035_jpg.rf.f62dadc7d462ced0de80f49f56525f1d.jpg,331,183,400,361,Poor Posture
austin_Frame1241_jpg.rf.f4affafb35b794905d9c40a63fbd7609.jpg,326,169,421,352,Poor Posture
austin_Frame1082_jpg.rf.f64f884b0edd56136aee4794ecf01428.jpg,176,189,285,347,Poor Posture
Frame2022_jpg.rf.f683c9a0f55d606d8b025582e26f231d.jpg,277,184,347,358,Poor Posture
ashlee_Frame1213_jpg.rf.f6a597fde6c29fd2d7491d883cb0e2dd.jpg,337,172,413,357,Poor Posture
Frame2831_jpg.rf.f775e2af4d2d764cc9e00947e589775b.jpg,324,193,418,359,Poor Posture
ashlee_Frame1266_jpg.rf.f7913484255120d376c45cea66a4d21b.jpg,100,163,167,350,Poor Posture
Frame3044_jpg.rf.f79ac66c2ab5153244f6e0a22c674af9.jpg,375,182,444,361,Poor Posture
Frame2130_jpg.rf.f7a4d0279aea405a414b190d662d4cf2.jpg,368,185,449,360,Poor Posture
ashlee_Frame2117_jpg.rf.f547c9e3172033543783528754d16988.jpg,234,181,301,357,Poor Posture
Frame2541_jpg.rf.f7c340e9fc4398b4839b214ba6cd5f4c.jpg,117,175,188,359,Poor Posture
Frame1244_jpg.rf.f801131afe9f518a387fb37754c9c1fc.jpg,391,143,455,335,Poor Posture
austin_Frame1396_jpg.rf.f869ee2642f3e6fda3cacf4105e232d4.jpg,116,170,208,348,Poor Posture
austin_Frame1419_jpg.rf.f93db6e3e34fc143fbb5d50ae9b74d6a.jpg,245,163,330,349,Poor Posture
Frame2028_jpg.rf.f962972505bdf885d1e835fb7c5f7897.jpg,312,181,381,359,Poor Posture
austin_Frame1275_jpg.rf.f60b738c42aac601ee7ef926d14fac16.jpg,153,169,246,350,Poor Posture
Frame2994_jpg.rf.fa366035b39bfcdd06c843a8439ea206.jpg,110,185,190,355,Poor Posture
Frame1250_jpg.rf.f7108cccd9baa6a2658921791cecbae5.jpg,355,139,441,334,Poor Posture
austin_Frame1407_jpg.rf.fa8a76574c3fd7ae590e81b00829854e.jpg,178,167,270,350,Poor Posture
austin_Frame975_jpg.rf.f7e2b06f04cbf70ca86c24456d43cff0.jpg,74,185,198,350,Poor Posture
Frame2002_jpg.rf.faf43e4dec5c6d9a6049f645b2221a8c.jpg,172,181,243,373,Poor Posture
Frame3013_jpg.rf.fbc9f343de5cc24772fd31c6a03aa1cd.jpg,213,184,284,359,Poor Posture
Frame1507_jpg.rf.fc55e8c0c729e536abf9c04c46f09c90.jpg,284,151,368,330,Poor Posture
austin_Frame1108_jpg.rf.f6d2f149a92973d004ffc94109174e0d.jpg,300,189,410,350,Poor Posture
Frame3028_jpg.rf.fc61a2819dc3b01c9b6290475fb88425.jpg,288,189,356,361,Poor Posture
ashlee_Frame1984_jpg.rf.f9159ae9a86bb9a495afa689b2c7de2c.jpg,359,178,438,359,Poor Posture
austin_Frame1573_jpg.rf.fcb73cdfd2b329ccf6d10f474812ea74.jpg,173,165,249,350,Poor Posture
Frame2486_jpg.rf.fecd9ca310195faccd67a2851c836473.jpg,365,175,435,362,Poor Posture
Frame1985_jpg.rf.f852a1862152d55fc7dac204638e6d1a.jpg,79,176,150,373,Poor Posture
austin_Frame1427_jpg.rf.ff3958d077a010cdffcf4e380b2cd3ea.jpg,281,165,367,351,Poor Posture
ashlee_Frame1075_jpg.rf.ff5909a07755c451ee5df3cbab9ed12c.jpg,319,171,390,356,Poor Posture
Frame2143_jpg.rf.ff7664545afec11b85f78fa69c1b5a87.jpg,310,181,386,359,Poor Posture
austin_Frame1403_jpg.rf.f9a1694b99273a5a11be4d0014277e3d.jpg,152,167,250,349,Poor Posture
Frame2657_jpg.rf.fb29c04f9d01f9b4a1e2c102fad22dac.jpg,36,191,130,361,Poor Posture
austin_Frame1301_jpg.rf.fb6942c273c4bd64a0a39058845b1598.jpg,37,169,127,348,Poor Posture
ashlee_Frame1936_jpg.rf.fb2f01558266ec661f1a168ffeb96934.jpg,108,172,196,355,Poor Posture
Frame2696_jpg.rf.f977a0d0430f424cc6c7ba0e4e86eeef.jpg,246,190,333,359,Poor Posture
Frame2374_jpg.rf.fd5ecd0c872aa253b63d96376226cfc9.jpg,357,185,430,359,Poor Posture
austin_Frame930_jpg.rf.0040f9b08378f9284373448ab956c304.jpg,296,193,395,353,Poor Posture
austin_Frame2124_jpg.rf.00631711e43dd025d2b52322aaf4f150.jpg,196,180,271,359,Poor Posture
Frame2116_jpg.rf.00e65db67229b8936f9f7c8288cca4f3.jpg,249,153,354,331,Poor Posture
austin_Frame1266_jpg.rf.0146f5e533b7946e4b37501045288168.jpg,204,172,298,353,Poor Posture
austin_Frame1376_jpg.rf.01a04db52387e0afe7996e13e8c07546.jpg,16,164,98,348,Poor Posture
austin_Frame1051_jpg.rf.01f647a730eeacabe2d2a8888d69cd1b.jpg,14,186,122,349,Poor Posture
Frame3140_jpg.rf.027e1d17d68104e6bdee2f8ea099f4dd.jpg,377,179,451,361,Poor Posture
Frame2503_jpg.rf.031da8baafff95e83ba41a62e0078ba5.jpg,294,180,363,361,Poor Posture
Frame1697_jpg.rf.035e9748d8785a78c528a25f84ccc6d7.jpg,341,153,427,333,Poor Posture
austin_Frame1377_jpg.rf.03227d3acef06a3609796c51abe79748.jpg,20,163,104,350,Poor Posture
Frame3155_jpg.rf.02a601de99ab193a37fb4d175b70d13a.jpg,306,181,370,362,Poor Posture
austin_Frame967_jpg.rf.0360f2315ce46d08c7f44196a7f0a875.jpg,115,189,257,350,Poor Posture
austin_Frame1545_jpg.rf.043743318a808a37d3f4488879859893.jpg,323,167,409,354,Poor Posture
austin_Frame946_jpg.rf.04181e7e2dd9031980b799b6a3248803.jpg,223,185,344,351,Poor Posture
austin_Frame934_jpg.rf.046cbb4f736888c402ec541affebeaf8.jpg,279,191,371,351,Poor Posture
austin_Frame968_jpg.rf.044d8ca0333b977be83622c91b5b9c2b.jpg,111,192,252,349,Poor Posture
austin_Frame988_jpg.rf.04709e62620d891c18ca6c6936992f70.jpg,16,187,132,350,Poor Posture
Frame2709_jpg.rf.04b0af26b81daa054b42861a1a747649.jpg,312,192,399,359,Poor Posture
austin_Frame1064_jpg.rf.023adab4bf613c4329e29669a167c3d3.jpg,84,181,191,349,Poor Posture
Frame2687_jpg.rf.0333527027a060c7176ed6573b531494.jpg,203,190,294,357,Poor Posture
Frame2526_jpg.rf.037efe27da1a39604570f48ebc94e4f2.jpg,189,182,257,359,Poor Posture
austin_Frame1092_jpg.rf.04c8d2605941fa9ad24179e0747ea76e.jpg,220,189,329,351,Poor Posture
Frame3046_jpg.rf.057294e8bb348a4e7f3444c04103eb67.jpg,385,183,452,361,Poor Posture
Frame2882_jpg.rf.06043e729556c600547cb49357219b11.jpg,84,185,163,357,Poor Posture
Frame2717_jpg.rf.0360979c7c97b24214094ac5a2e9337c.jpg,348,191,436,359,Poor Posture
Frame2661_jpg.rf.03d1e7d1977523e1a45571a588e4f713.jpg,56,192,159,362,Poor Posture
Frame2163_jpg.rf.073a1390669b4542ae4df2b94f558233.jpg,214,181,281,361,Poor Posture
Frame2139_jpg.rf.0811d2f01a34b326c5514f38905f54a7.jpg,328,183,403,365,Poor Posture
ashlee_Frame2114_jpg.rf.0892545bdce4f51f72f541e8f6ab38b4.jpg,252,180,323,359,Poor Posture
Frame2169_jpg.rf.08b05d89139f1db82611e18836fc50ab.jpg,185,183,252,358,Poor Posture
austin_Frame1292_jpg.rf.08f239a8a0d7add11e9acf60ebf6e35e.jpg,70,173,164,349,Poor Posture
Frame3007_jpg.rf.08f5abf23ef31b56fc217514fa7ce7e0.jpg,172,187,248,358,Poor Posture
Frame2879_jpg.rf.07c7020bd7e7b05a8d06742bdda9cbc6.jpg,94,181,177,359,Poor Posture
ashlee_Frame1065_jpg.rf.098b7da56950d82221f6c6713cf8d8fb.jpg,273,172,352,355,Poor Posture
ashlee_Frame2097_jpg.rf.099ad53cbc38d09516e3e0a7ceb4326a.jpg,332,180,399,357,Poor Posture
Frame2171_jpg.rf.09a8631634ea72ae0f5de697ccaec0b7.jpg,174,185,242,353,Poor Posture
austin_Frame1302_jpg.rf.0510b1114d9b94f09b57fd06dcb98cae.jpg,32,169,125,351,Poor Posture
austin_Frame1391_jpg.rf.06bd7a48e991d013a70e8b756054c9a8.jpg,92,172,183,347,Poor Posture
Frame3141_jpg.rf.0abb82c19840ace47f64bb06060eff5f.jpg,374,179,447,362,Poor Posture
ashlee_Frame1240_jpg.rf.0bc3077b28d67ce9ab60f4d6b8484c7d.jpg,217,167,285,355,Poor Posture
Frame2681_jpg.rf.0c7a75b5525350ac0a34ec1aeacc5f6c.jpg,168,195,262,357,Poor Posture
Frame2524_jpg.rf.0ca386bd2c55febce913eec758f5ffb1.jpg,201,181,269,358,Poor Posture
Frame1987_jpg.rf.0ca809384b4313c514e0977c1fb6867c.jpg,92,175,160,371,Poor Posture
Frame3000_jpg.rf.093aeb5eaec9b49a53157bc9e68c642f.jpg,136,183,215,359,Poor Posture
Frame1992_jpg.rf.0d7fef4e29aa5c98760f1bdf28ed41c5.jpg,116,175,188,371,Poor Posture
Frame2838_jpg.rf.0dae060ce24d3fcbdf981d9d7c0e5cb2.jpg,293,190,387,359,Poor Posture
Frame1299_jpg.rf.0dd225d53356e10731c70a1f224535ed.jpg,106,145,173,341,Poor Posture
ashlee_Frame2150_jpg.rf.0e607586639953e53082b44723a11cab.jpg,190,141,295,315,Poor Posture
ashlee_Frame1935_jpg.rf.0edf3dcdbb0d4ecfd4a670b916f6f3fd.jpg,100,175,188,357,Poor Posture
Frame1254_jpg.rf.0c485ededf138f16e192c323d5e49b0c.jpg,338,141,417,335,Poor Posture
austin_Frame943_jpg.rf.0eed6a523f3f607fd10c0c214cbaf05c.jpg,238,182,350,352,Poor Posture
austin_Frame954_jpg.rf.0eeee46be826b774bfd4cc1fe476af19.jpg,181,185,310,349,Poor Posture
Frame2990_jpg.rf.0ef6805a5c80d1a03a2dea5230060aca.jpg,91,189,171,355,Poor Posture
Frame1484_jpg.rf.0ba9e9010dea0ba6875e91689de04700.jpg,157,145,248,329,Poor Posture
austin_Frame1101_jpg.rf.0f1a5f7fb6f2d8433b9d04066f184d31.jpg,262,187,373,349,Poor Posture
Frame1907_jpg.rf.0ad01fc5133cfd303f002e7294bc33f2.jpg,147,147,234,337,Poor Posture
Frame1511_jpg.rf.0d4158e78680830bbbe7d6f84a16a509.jpg,311,153,390,331,Poor Posture
Frame2175_jpg.rf.089d1b444e0932aa386b01accc36e336.jpg,154,181,216,357,Poor Posture
austin_Frame1575_jpg.rf.0c7faa9a40a5d36160627e5c96e666bb.jpg,163,167,243,349,Poor Posture
Frame2546_jpg.rf.0fc27a2a21581fed9b0aacf0460b87a6.jpg,93,181,165,357,Poor Posture
Frame1281_jpg.rf.0fc5052ab288e8cef3b461ef1ab8c444.jpg,195,140,265,333,Poor Posture
Frame2874_jpg.rf.0fdd6b60678b91f64113d36fba33c761.jpg,118,189,203,353,Poor Posture
Frame1288_jpg.rf.0d6e4fe82274693ad346408aafc1f29a.jpg,156,141,235,333,Poor Posture
Frame3161_jpg.rf.10e2535e49a71f573a3c8e0c28a230ae.jpg,276,176,341,359,Poor Posture
austin_Frame1547_jpg.rf.11227c84f2201bef3d6e427cba853d25.jpg,307,165,389,354,Poor Posture
Frame1284_jpg.rf.113e761b1a26f115027400e615dd7f08.jpg,175,141,250,331,Poor Posture
Frame1909_jpg.rf.115d62da417ffbd90a4a9dfa8b2b0810.jpg,162,147,242,337,Poor Posture
Frame1722_jpg.rf.117023363b0b055df647e782db34f735.jpg,208,149,283,327,Poor Posture
austin_Frame1572_jpg.rf.11799fba5352ea9de237897ed37c86dc.jpg,177,169,252,351,Poor Posture
Frame3189_jpg.rf.1186e39d354db86b90c2f0aafa2469de.jpg,129,179,197,357,Poor Posture
ashlee_Frame1222_jpg.rf.125c6ad2f1914cc33f88d279bbfda243.jpg,299,169,375,357,Poor Posture
Frame3043_jpg.rf.1268c0973b998010cf11c05006cce32b.jpg,371,181,440,363,Poor Posture
Frame3008_jpg.rf.134d64e507631b9736f175d610db9f26.jpg,179,188,255,359,Poor Posture
Frame2350_jpg.rf.134da5a3ae45895e5c39df87d3afa0de.jpg,250,183,319,357,Poor Posture
Frame1475_jpg.rf.1362e72450e8460d83b7dac1d8cbd21c.jpg,114,145,200,329,Poor Posture
austin_Frame926_jpg.rf.107b9275c2ea4ea5e429a2dc85d3971c.jpg,311,187,418,353,Poor Posture
Frame2082_jpg.rf.13845a646a25963901d16ddf4180eb7f.jpg,327,151,429,331,Poor Posture
ashlee_Frame1035_jpg.rf.0f809283f45baf645720647710994c92.jpg,147,176,230,355,Poor Posture
Frame2533_jpg.rf.13d104b3b3d5ac3940be61fb4c001d24.jpg,152,175,220,357,Poor Posture
Frame1989_jpg.rf.13d3961bddce614ddd7849093b86828e.jpg,100,173,174,369,Poor Posture
ashlee_Frame2122_jpg.rf.13e50a5708b54a132a9be24aeadfdefd.jpg,204,183,280,359,Poor Posture
Frame2674_jpg.rf.11d0a4d6bf508331f840cad851bced1d.jpg,125,191,221,356,Poor Posture
ashlee_Frame2104_jpg.rf.13f9ff19080ba5f648a4a0c52b7e629e.jpg,293,179,359,358,Poor Posture
austin_Frame1436_jpg.rf.1469fecfbd9bd712fa0c1faa17f6b8a4.jpg,335,167,409,351,Poor Posture
Frame1500_jpg.rf.14caa36edfe7f36cfaece922988f1362.jpg,249,146,330,324,Poor Posture
Frame2719_jpg.rf.1511dc984a6d1543ae9a769a9c325e98.jpg,359,193,446,362,Poor Posture
Frame2338_jpg.rf.13c2ae1c134db1978c901d6e9258d06d.jpg,202,181,264,359,Poor Posture
Frame2077_jpg.rf.135304c0f45238fb05a4acbaa70c53e8.jpg,333,149,442,334,Poor Posture
Frame2997_jpg.rf.156aa298d501267c00607b643a351ca8.jpg,122,183,204,355,Poor Posture
Frame2351_jpg.rf.15e182cb0eec0b7a127c8ee435560e47.jpg,255,183,324,358,Poor Posture
austin_Frame1303_jpg.rf.16c9bb9d439d948c3f736a674d6a232b.jpg,33,171,117,350,Poor Posture
Frame2664_jpg.rf.17140b78d76c6b65ba45cf861f5d8fc3.jpg,78,189,175,370,Poor Posture
Frame2316_jpg.rf.17a03e4aae4baabdf052a4eb8289bc80.jpg,82,180,160,359,Poor Posture
Frame2677_jpg.rf.17fb933fcd9a41b1de81e90a473edbb2.jpg,144,191,236,360,Poor Posture
Frame1252_jpg.rf.1839a7a87827ea192825d38aef938c83.jpg,346,141,427,333,Poor Posture
austin_Frame942_jpg.rf.16547574f32a812b42a9773d932a357b.jpg,240,184,353,351,Poor Posture
austin_Frame982_jpg.rf.19b58e33a4032202af92fd3befb615af.jpg,50,183,163,347,Poor Posture
ashlee_Frame1071_jpg.rf.19e5d6d93d8e3a382147ee45305af440.jpg,304,170,375,355,Poor Posture
austin_Frame1248_jpg.rf.19e6681ae2d7207b71f109f7c480be17.jpg,298,172,389,351,Poor Posture
ashlee_Frame1246_jpg.rf.1a12fca10356068421da16d9f499e46d.jpg,190,169,262,355,Poor Posture
Frame2035_jpg.rf.1a2a57eef965617c53133c4649cfc9bd.jpg,341,180,412,358,Poor Posture
ashlee_Frame1959_jpg.rf.1a30fba436715cae10b7bb6af5d6d9d6.jpg,224,177,302,356,Poor Posture
Frame2481_jpg.rf.197ede8075fd7ec30fb5e92a3f9a995a.jpg,384,177,450,361,Poor Posture
Frame1470_jpg.rf.18bd213010b68b306e93eff8df39cea0.jpg,86,151,168,329,Poor Posture
Frame2484_jpg.rf.1a7add6c18dfa89404238c7b0a922d98.jpg,373,175,443,362,Poor Posture
Frame3002_jpg.rf.1b1c82c7c066501cbd25bf3d22e83020.jpg,145,185,224,356,Poor Posture
Frame2335_jpg.rf.18fabb5db3e985eb01f1b6a24ca14d35.jpg,185,185,246,358,Poor Posture
Frame2007_jpg.rf.1b3b754200ee2b49e0512f9a16eaca9a.jpg,202,181,273,361,Poor Posture
Frame2549_jpg.rf.1b6e601b83bb6b9c0cc8db7f0194f3ff.jpg,75,185,145,351,Poor Posture
Frame3010_jpg.rf.1b9a8d9bb64c4f954d3254f384b1ee66.jpg,194,189,264,358,Poor Posture
austin_Frame2126_jpg.rf.1ba0998be5eb8614b046c3d614c921c5.jpg,188,180,265,359,Poor Posture
ashlee_Frame1982_jpg.rf.1936cb22b40848a58b2b293e54e57c65.jpg,349,176,430,358,Poor Posture
Frame1983_jpg.rf.1ba0feb3bd9625814d08ce4d5a77421b.jpg,68,179,139,370,Poor Posture
austin_Frame1109_jpg.rf.1ba7eaa9ecc759ec4e149c6e44b2df7c.jpg,305,189,414,350,Poor Posture
Frame2031_jpg.rf.1bf53144c0cb04cbff40c0467d2ef2d1.jpg,327,179,392,359,Poor Posture
ashlee_Frame1013_jpg.rf.1c20b069b46fe57749360306b48f7647.jpg,28,171,110,349,Poor Posture
Frame2144_jpg.rf.1c4c2d5aedb5e9a25a3373356bd971cc.jpg,306,180,382,361,Poor Posture
Frame1480_jpg.rf.1c517ff917505aabb3ee234ab5207ac0.jpg,140,143,226,331,Poor Posture
austin_Frame1278_jpg.rf.1c6637125b4ec851bfe87db2a2144b7c.jpg,141,166,235,351,Poor Posture
ashlee_Frame1258_jpg.rf.1cde23226b72ef8009c83c17385f21f0.jpg,133,171,206,357,Poor Posture
austin_Frame935_jpg.rf.1d558ec497da98c317e8fe242a403714.jpg,274,190,367,351,Poor Posture
austin_Frame986_jpg.rf.1dae9883ea0c3720e4e25334d04627f3.jpg,28,186,143,349,Poor Posture
Frame1248_jpg.rf.1de4150148d556e1434d6202c99ea675.jpg,368,139,450,335,Poor Posture
Frame2666_jpg.rf.1e93379a7dedc9bf06a2e6cbb076522c.jpg,87,191,184,354,Poor Posture
Frame2502_jpg.rf.1f1f61536a689504716ae84d1c9f3d63.jpg,298,181,366,362,Poor Posture
Frame2173_jpg.rf.1b6b5e4b60ebc08d8fc454bcd75e7e28.jpg,164,184,230,357,Poor Posture
Frame2713_jpg.rf.1f67b00d90431b80fe24d67754948f6f.jpg,329,187,418,360,Poor Posture
austin_Frame950_jpg.rf.20165f8d13c19253549765c3fd2c1d7f.jpg,204,187,328,351,Poor Posture
austin_Frame1076_jpg.rf.206dea5f297438f0aee8c413778af565.jpg,152,187,256,351,Poor Posture
ashlee_Frame1233_jpg.rf.20960bbea33a6051c36cb0af2664eaf3.jpg,252,167,332,357,Poor Posture
ashlee_Frame1275_jpg.rf.1d2334a3a8749723838f8b598d94cc9e.jpg,56,163,135,349,Poor Posture
austin_Frame1114_jpg.rf.2118936919b52618083134c1400fa182.jpg,335,185,429,352,Poor Posture
austin_Frame1277_jpg.rf.213dbcb3f24214628b36948abec647ae.jpg,148,169,239,351,Poor Posture
Frame2995_jpg.rf.219669184e5adcb9a3bfffef6b2c918f.jpg,115,184,194,353,Poor Posture
Frame2705_jpg.rf.22292102ccab1bbfd2d27ed949502609.jpg,295,192,383,359,Poor Posture
Frame3152_jpg.rf.225fc2ac849922b542acd19189d7772a.jpg,320,184,395,361,Poor Posture
Frame2349_jpg.rf.22d65ce0dcd8dbceb34855ad1aedf897.jpg,246,181,313,359,Poor Posture
Frame1986_jpg.rf.22e5fcf5e6e0be9a447d62c47f33399a.jpg,86,173,154,383,Poor Posture
austin_Frame1558_jpg.rf.231eaaad41b79f073eec68bc45b4278b.jpg,254,167,335,353,Poor Posture
Frame3033_jpg.rf.2316464baffbc5f972dacc68002b3b53.jpg,319,184,388,359,Poor Posture
Frame2853_jpg.rf.2108a32591261f47b9d2111d56e7638f.jpg,219,195,307,360,Poor Posture
Frame3011_jpg.rf.23283fe890c1f4cd8ffefd284f5f1832.jpg,202,183,270,360,Poor Posture
Frame3024_jpg.rf.237712725438484a2751d7e7fc183a1f.jpg,265,183,334,360,Poor Posture
austin_Frame947_jpg.rf.1de2fcea4bd3fcb537f61c0ceca0aa1d.jpg,218,185,339,351,Poor Posture
Frame1478_jpg.rf.224b9145727ca287217f9477696318d3.jpg,133,148,219,331,Poor Posture
Frame1736_jpg.rf.2383487aab77d038c5e33eb320a80296.jpg,123,147,209,332,Poor Posture
Frame1282_jpg.rf.2385170e89eb26331dfd67f55c6c2754.jpg,182,143,259,326,Poor Posture
Frame2145_jpg.rf.23f19961cd66c209ffcee2ff40e89c7c.jpg,302,183,378,359,Poor Posture
Frame1923_jpg.rf.210f71ed531cce4a91ea6de8569b1429.jpg,237,146,328,327,Poor Posture
austin_Frame1113_jpg.rf.243b7320b1896f0812595f98ff79d9a0.jpg,332,185,427,350,Poor Posture
Frame1941_jpg.rf.246cf72fce3c27a9320d366a3ff1416b.jpg,343,146,433,329,Poor Posture
austin_Frame964_jpg.rf.265b434938874dddb34cb891ace224f8.jpg,133,189,271,350,Poor Posture
Frame2673_jpg.rf.238571c6656f8e61d97d7df720b24504.jpg,121,191,218,360,Poor Posture
Frame2333_jpg.rf.26e503b45ddb1d0b90a2898627cf642c.jpg,169,185,236,355,Poor Posture
Frame2355_jpg.rf.23821465a7f28e50ab64ad0e56d136de.jpg,278,186,342,357,Poor Posture
Frame2837_jpg.rf.26d45b44ef69e160fca05c4fd7cc9a34.jpg,296,186,390,359,Poor Posture
Frame2531_jpg.rf.26ad05ebb7db6cb67c2e944e009cf094.jpg,162,177,228,360,Poor Posture
ashlee_Frame1012_jpg.rf.24166f1925b1acbf3a90ab98f19d8a7f.jpg,23,171,100,353,Poor Posture
Frame2151_jpg.rf.249d67c82c0ab15095caeaaee686fb03.jpg,273,185,347,362,Poor Posture
Frame2491_jpg.rf.26ff06ebdffa7688132fa0027920d509.jpg,348,173,418,362,Poor Posture
ashlee_Frame1972_jpg.rf.2847bbbd33fff3ad6884ff1cf8d3cdd3.jpg,295,183,368,360,Poor Posture
austin_Frame1288_jpg.rf.258fe56abcc81d168ad8c150994f0ce9.jpg,91,171,188,347,Poor Posture
Frame2026_jpg.rf.2865597d46f50fee69c1146cc72464e9.jpg,302,181,370,360,Poor Posture
Frame2189_jpg.rf.28ae03c880ffba397d6a2d953b902b52.jpg,82,180,149,357,Poor Posture
ashlee_Frame1231_jpg.rf.25b9e3993ea3c014f19485341b5738f4.jpg,260,167,341,358,Poor Posture
austin_Frame1084_jpg.rf.28f503d06fd5dcdb7f8409c3d3923b0c.jpg,185,187,294,351,Poor Posture
austin_Frame981_jpg.rf.25571504969439d73a2eab76f935a760.jpg,51,183,170,346,Poor Posture
Frame2370_jpg.rf.28ff7a06f9f3c596dfb1c180d3ce0556.jpg,337,185,408,359,Poor Posture
Frame2499_jpg.rf.292551ae31a5d6bb1aa06504f778508a.jpg,314,177,383,360,Poor Posture
Frame1247_jpg.rf.2a0d0abfcf94d2d879672da6223c207c.jpg,377,136,454,335,Poor Posture
Frame2849_jpg.rf.2a61bc6f70ae272075454b4b03d666a0.jpg,240,193,332,359,Poor Posture
ashlee_Frame1989_jpg.rf.2a6601d4b65f5e6a6c6733139191ca15.jpg,388,183,460,361,Poor Posture
austin_Frame1594_jpg.rf.25888267c5d22fcfefe0a34ede8518ed.jpg,54,159,153,347,Poor Posture
Frame2848_jpg.rf.249573b9cacdbf18f606b788232524f8.jpg,242,193,341,358,Poor Posture
Frame2012_jpg.rf.2bfb19a52c8f3adf8710f60fda0e00f5.jpg,225,180,295,357,Poor Posture
ashlee_Frame1988_jpg.rf.26e6806981c54bd19ba6714647d22f6a.jpg,377,181,453,359,Poor Posture
austin_Frame1595_jpg.rf.28badaad1423b0e1898344e6b57209f8.jpg,47,157,149,349,Poor Posture
austin_Frame951_jpg.rf.2c11c5a9942c88f4b18a65685871beeb.jpg,199,187,323,351,Poor Posture
Frame1936_jpg.rf.28d3209fb7f984157a3aa7812d0ce1e1.jpg,317,145,400,333,Poor Posture
austin_Frame925_jpg.rf.2c16e0f4fbfd0d2e2b05cf836c817bb2.jpg,313,185,423,353,Poor Posture
austin_Frame1408_jpg.rf.2c1d9eca67b55100aa51b967ac6c4fac.jpg,185,169,275,347,Poor Posture
Frame2712_jpg.rf.27ef6ba8bb201ec867f58e29924f5bca.jpg,325,190,414,358,Poor Posture
Frame1897_jpg.rf.2cc8a993a6c0e52d2535ad995a1b73e2.jpg,90,145,173,345,Poor Posture
ashlee_Frame1044_jpg.rf.2cdcef6439194b22d4b04a6c3ccbe573.jpg,197,173,266,354,Poor Posture
ashlee_Frame1271_jpg.rf.27bbf776c1b148c663050daf68409272.jpg,74,164,148,353,Poor Posture
Frame3179_jpg.rf.2d3a20bd760104bfc8a3ac05ba064719.jpg,180,178,246,361,Poor Posture
Frame2521_jpg.rf.2941855ca1b6eeee14638d2c42cb7597.jpg,216,179,283,360,Poor Posture
Frame2180_jpg.rf.2d9c869b1f3b59deb1c06af745d17d1d.jpg,124,181,190,359,Poor Posture
ashlee_Frame2103_jpg.rf.2a422cb71173dfd5f3d37e5bc7d0e9f9.jpg,302,181,366,359,Poor Posture
Frame2317_jpg.rf.299218c2ac1593c8edb031960d0103ad.jpg,86,182,166,361,Poor Posture
austin_Frame1546_jpg.rf.2ac345ca169f97414eac6026fedd2af9.jpg,311,166,395,351,Poor Posture
Frame2862_jpg.rf.2dab616f046f48f6268af23afda5ccef.jpg,176,187,268,360,Poor Posture
Frame2378_jpg.rf.2be15981792ce409561c0516e888c62a.jpg,381,186,451,361,Poor Posture
Frame1267_jpg.rf.2df8ba19ef51ed17a1cb21b88c9862fa.jpg,272,141,349,335,Poor Posture
austin_Frame1096_jpg.rf.2e0727e6cdbd87480d312c396b2275df.jpg,241,185,350,351,Poor Posture
Frame2137_jpg.rf.2e0fda65f6819f28f3c87fe1fd360514.jpg,336,183,411,363,Poor Posture
Frame1902_jpg.rf.2e218c9a8bcf0ec4246894602377d267.jpg,122,144,204,337,Poor Posture
Frame2676_jpg.rf.2e2acc48558c77e836c412f868510155.jpg,138,193,230,360,Poor Posture
Frame2537_jpg.rf.2e5be58141d8944fbf06869349569908.jpg,136,175,204,360,Poor Posture
Frame2507_jpg.rf.2e8313caf341e6d0aa76b07aff2a2bcd.jpg,277,177,340,359,Poor Posture
Frame2841_jpg.rf.2f5362f1709449007554a4fc86489c94.jpg,278,191,373,360,Poor Posture
Frame2839_jpg.rf.2f5ff7543765958d7f15152645f2be00.jpg,286,187,383,359,Poor Posture
Frame3001_jpg.rf.2f6eb6ea824b9d1081b58519a5669098.jpg,140,183,220,357,Poor Posture
Frame2678_jpg.rf.2f80ef7352f4aef662449e1c30f56eee.jpg,145,197,244,356,Poor Posture
austin_Frame1286_jpg.rf.2fb7629b86dd415ed9e2a3a943c947db.jpg,104,169,198,350,Poor Posture
austin_Frame1271_jpg.rf.2fe84e2a9d30cb9e458ad1605eb9df7d.jpg,178,171,269,351,Poor Posture
austin_Frame1090_jpg.rf.3000c8d39b2375bae003859391bfaaa3.jpg,213,189,322,349,Poor Posture
Frame2089_jpg.rf.30110695ac8681cf74f428027d9c6313.jpg,314,149,423,332,Poor Posture
ashlee_Frame1941_jpg.rf.3109bbbb52b23681b146a2cae9fbb596.jpg,130,171,220,356,Poor Posture
Frame1731_jpg.rf.310b52e428958b144d4f9144e6773f9e.jpg,154,146,238,327,Poor Posture
Frame2852_jpg.rf.3145271227258dd3cde6a5ca7933b2c9.jpg,224,196,315,359,Poor Posture
Frame2873_jpg.rf.316e02b4d1f93ba02b11ba8eaf7bb3df.jpg,128,191,209,357,Poor Posture
austin_Frame979_jpg.rf.3188fbfb95ab6e1243c8ea101c774325.jpg,59,183,177,347,Poor Posture
austin_Frame1373_jpg.rf.2f00a5624b00741f39635572addad127.jpg,0,165,86,344,Poor Posture
ashlee_Frame1964_jpg.rf.2f6caea3f5f8be4fbcceab1a64ac7f5f.jpg,249,179,328,358,Poor Posture
Frame2485_jpg.rf.2dee91ff8586354e9edab8994d3042a4.jpg,370,176,441,360,Poor Posture
Frame2542_jpg.rf.3299a9beeaaa5245c2c946a66d88557e.jpg,112,177,185,359,Poor Posture
Frame3150_jpg.rf.3362a2f1fdade92b65f654d66bd67c14.jpg,330,183,407,361,Poor Posture
Frame2685_jpg.rf.33b7383d4ef4abfd20930ed1d1dd6bae.jpg,193,189,283,355,Poor Posture
austin_Frame1562_jpg.rf.34ad5c69ca6d6762c281ed59e1429a0f.jpg,234,171,314,349,Poor Posture
austin_Frame1245_jpg.rf.346046eb96deb435c20a2fdc448d3b24.jpg,314,170,406,353,Poor Posture
austin_Frame972_jpg.rf.34d38f6856cc43b674bc6c4657cffcaf.jpg,87,190,227,350,Poor Posture
Frame3181_jpg.rf.34d3b29500392a33189df994104add2b.jpg,170,176,236,362,Poor Posture
Frame2859_jpg.rf.34e80ddbdb05da37ad26888235a4a810.jpg,192,189,278,361,Poor Posture
Frame1245_jpg.rf.31833c3d8989190f3a5e77d8a98e9cea.jpg,386,138,453,335,Poor Posture
austin_Frame1583_jpg.rf.34ebecc20fa7e62f26932133a5847bcd.jpg,122,165,203,348,Poor Posture
Frame1292_jpg.rf.320dc33f431e726ae0804ee5e0969111.jpg,136,145,211,331,Poor Posture
Frame3200_jpg.rf.351bacc186b614696bf20ed1807abdc9.jpg,78,182,144,355,Poor Posture
austin_Frame1383_jpg.rf.35367d283a45180a328a881414053a74.jpg,40,162,130,350,Poor Posture
Frame2020_jpg.rf.35446363d8c80f757472b090c7e85046.jpg,263,185,336,359,Poor Posture
Frame2377_jpg.rf.356648a3e4f636363d6a528828024aa8.jpg,375,186,446,361,Poor Posture
Frame2122_jpg.rf.35948c61dc2a495163c822127e9b9ed3.jpg,238,157,348,331,Poor Posture
ashlee_Frame1253_jpg.rf.3383d667857e388cceafe8c1c4b1bc9f.jpg,160,166,237,354,Poor Posture
Frame2864_jpg.rf.35c68e0a5e503a6c6b87f4deacada5eb.jpg,172,188,257,361,Poor Posture
austin_Frame1571_jpg.rf.3457ec81ac866d69b5bc300d34f202a6.jpg,182,169,259,350,Poor Posture
ashlee_Frame1235_jpg.rf.3627deb6ace5757b0da4d05005cbfc44.jpg,243,169,319,358,Poor Posture
austin_Frame1430_jpg.rf.367bc712b4e107b310926d7cab67fe6c.jpg,298,167,384,349,Poor Posture
austin_Frame1406_jpg.rf.338fde8d3d26ee8bd5d8a733791bac6c.jpg,173,168,265,348,Poor Posture
ashlee_Frame2087_jpg.rf.3693db4ac9d795769364e07ca5f4716f.jpg,376,175,467,360,Poor Posture
Frame2550_jpg.rf.3698c4302d94a4ec2d6113e8ba0236ca.jpg,68,183,137,355,Poor Posture
ashlee_Frame2112_jpg.rf.36caed7e569b0b6f4f8ed2532f74c9ac.jpg,258,178,331,359,Poor Posture
austin_Frame1070_jpg.rf.324126abe84256b21ddd0f22f8d54c52.jpg,125,186,228,351,Poor Posture
austin_Frame1059_jpg.rf.370f02981b4e67208f47a31257a25cbf.jpg,65,183,168,349,Poor Posture
austin_Frame1589_jpg.rf.377c7def0947ee7b62bf19f1c51f3ec5.jpg,84,162,171,348,Poor Posture
Frame3012_jpg.rf.2e100149e2382814e219af5fdad01513.jpg,203,187,276,361,Poor Posture
Frame2312_jpg.rf.3789e15c34a7d1fbee69f6d64afc2278.jpg,67,181,142,361,Poor Posture
Frame2704_jpg.rf.37994c9c6041b25537b95ea7786d4948.jpg,288,192,378,362,Poor Posture
ashlee_Frame1948_jpg.rf.379eb144bff61fd238da7f4dc21592c2.jpg,165,178,251,360,Poor Posture
Frame2319_jpg.rf.355d419607d5d09ed695a80daf53b6bc.jpg,94,185,174,359,Poor Posture
austin_Frame976_jpg.rf.360dbae0b2de3ac65094030d47aa1eb8.jpg,70,186,193,351,Poor Posture
austin_Frame966_jpg.rf.37cc336698e09238923adaaebf7facf4.jpg,122,190,261,350,Poor Posture
austin_Frame1400_jpg.rf.37d1987115e3c05435b0da5db8cb7969.jpg,134,169,230,351,Poor Posture
Frame2698_jpg.rf.386673649b3b6140ae60ffb690ef4138.jpg,255,191,344,357,Poor Posture
Frame2326_jpg.rf.388963c64b83c880c568b7cbb3971358.jpg,128,183,202,359,Poor Posture
Frame1275_jpg.rf.38c021d746dfb00fe5722694411beeb6.jpg,224,147,299,333,Poor Posture
Frame2037_jpg.rf.38c418c835ea8e9e20d5d425411b8703.jpg,351,181,419,360,Poor Posture
Frame2682_jpg.rf.3910bec73de514632900a536bf88ffc4.jpg,177,195,267,355,Poor Posture
Frame2535_jpg.rf.393f04bc54798a945281046b57085050.jpg,142,175,211,359,Poor Posture
austin_Frame1269_jpg.rf.3997ba4fd2a745654c85a1b5d4617092.jpg,192,174,280,349,Poor Posture
austin_Frame949_jpg.rf.39df89dd5a9bbe8cfe53584cd7c1d601.jpg,212,180,333,351,Poor Posture
Frame3159_jpg.rf.3a1b849b048b0dd03f8cf343b1e69b8e.jpg,283,180,350,363,Poor Posture
Frame2492_jpg.rf.36429bb1b6fe1004300a6dde92bc100f.jpg,350,174,415,364,Poor Posture
Frame1725_jpg.rf.3a3a46c61549f13115c5ebcc560134a7.jpg,185,151,266,328,Poor Posture
ashlee_Frame1084_jpg.rf.3b1ca1705119cdcaae698a574c6d62fe.jpg,351,171,427,355,Poor Posture
Frame2107_jpg.rf.3d3218a0a6f25eec0bf92ac38979aed7.jpg,277,153,391,333,Poor Posture
Frame2854_jpg.rf.3d01bf2814d3e1284116dd198c163842.jpg,215,193,301,355,Poor Posture
Frame3018_jpg.rf.3d386b445e837660af51b7caa324b001.jpg,235,184,307,358,Poor Posture
Frame2324_jpg.rf.3db931d91d7351a2da428860aabcf486.jpg,117,183,198,355,Poor Posture
austin_Frame1556_jpg.rf.3807afbf095f5f38097ff134bf9d537e.jpg,269,165,350,351,Poor Posture
Frame3009_jpg.rf.38ffdcd6da747c4055530161661c5831.jpg,187,191,258,360,Poor Posture
austin_Frame1435_jpg.rf.3dfe2533da7e1866c48a7a4c34714f49.jpg,328,167,404,351,Poor Posture
Frame3180_jpg.rf.3e0a6988c7b621da6b7a30e76756690c.jpg,175,178,241,358,Poor Posture
Frame3031_jpg.rf.3888825a7d5e95633bcf8d3a11ea6a9f.jpg,308,186,374,363,Poor Posture
Frame2490_jpg.rf.3e8f81769266f8ffdc4b96a34735a2ea.jpg,352,173,422,361,Poor Posture
Frame2996_jpg.rf.3e6bd10804ffe7832204fbbe2caf1920.jpg,118,183,200,355,Poor Posture
ashlee_Frame1058_jpg.rf.3b7ecee82732b7b5e411e3ccc64e28e9.jpg,244,169,321,354,Poor Posture
austin_Frame1262_jpg.rf.39dbacd4ab0004cc08b5ca88fa5b5d9f.jpg,223,168,317,349,Poor Posture
Frame2074_jpg.rf.3f214ff7f6c6551833b3afd53b6b5e56.jpg,341,150,450,333,Poor Posture
austin_Frame1402_jpg.rf.3f267f1c728b8380f9e738c2d5c9ed62.jpg,147,168,249,346,Poor Posture
austin_Frame1052_jpg.rf.3c725b925b29cc48f7ce954d0e2795a3.jpg,16,189,126,345,Poor Posture
Frame2511_jpg.rf.3c4e64bfd19cbdb1332f6dd4780f2225.jpg,258,175,321,361,Poor Posture
ashlee_Frame1215_jpg.rf.3e2565dc8ce79b42da1cbeb2299053bf.jpg,329,170,405,357,Poor Posture
Frame2672_jpg.rf.3ee8f42be82c01d7177893fd5ac28c91.jpg,118,187,212,358,Poor Posture
austin_Frame927_jpg.rf.3c24698da913b5e3b70e5fee96f68bfb.jpg,306,187,413,352,Poor Posture
Frame1504_jpg.rf.3f36fa8b98124a153be120cafe6654cc.jpg,267,146,349,331,Poor Posture
Frame2886_jpg.rf.3f6e1fa91aeb1f470eb9a17b64924349.jpg,64,183,147,359,Poor Posture
austin_Frame1422_jpg.rf.3f93ea615e97e2af532b36a1d534ab64.jpg,260,161,341,349,Poor Posture
austin_Frame944_jpg.rf.4005aa65eb74ebc6f1d0397aeff69850.jpg,231,184,348,351,Poor Posture
austin_Frame1404_jpg.rf.4007d49caf5933bd14748ad2924619ec.jpg,158,168,253,347,Poor Posture
austin_Frame1389_jpg.rf.405646bfa2e0883d0fda01749c2b7f56.jpg,73,166,167,351,Poor Posture
ashlee_Frame1037_jpg.rf.4079e351c6a13e191259f9d6106fd1e9.jpg,155,175,239,355,Poor Posture
ashlee_Frame1212_jpg.rf.40dde2cc5617bfc099e7f4ee4a0ad36c.jpg,344,172,423,357,Poor Posture
Frame2043_jpg.rf.41f73409148b9d26d4faa9296d7e2c52.jpg,385,187,445,361,Poor Posture
Frame1485_jpg.rf.4136b43e873a41b1cb46069549af4fbf.jpg,162,145,257,326,Poor Posture
Frame2833_jpg.rf.4221b4a54831b3a8384c67d60ca11d1b.jpg,312,193,409,358,Poor Posture
austin_Frame1567_jpg.rf.41922603c0404f242d4662810d922e50.jpg,209,173,289,351,Poor Posture
austin_Frame1300_jpg.rf.42733817a05379e2ba86b490cabf1224.jpg,39,169,129,351,Poor Posture
Frame2703_jpg.rf.42bdc0a0b576e990314ff06300c210cc.jpg,283,194,370,358,Poor Posture
austin_Frame1544_jpg.rf.42d9b9c1411608eb615462680fa4f8d9.jpg,330,169,416,353,Poor Posture
Frame2525_jpg.rf.447a4cac239afe7a334e67c818b886b1.jpg,194,180,263,359,Poor Posture
Frame3015_jpg.rf.418b48b8d64e9f955bb2204fa923b850.jpg,223,184,293,359,Poor Posture
austin_Frame1398_jpg.rf.447c66e1266b2c8c5f1a9530a581b6be.jpg,125,169,223,349,Poor Posture
ashlee_Frame1224_jpg.rf.421ad39d847d6a9a0ad7336d4b50e76e.jpg,291,165,368,358,Poor Posture
Frame2872_jpg.rf.45267b3e291a127fa905a6186e22661f.jpg,132,185,214,359,Poor Posture
Frame2665_jpg.rf.453ecebda5bbecc2319c11b7ae5b824c.jpg,84,191,179,359,Poor Posture
Frame2141_jpg.rf.455b2f60dae15881067cc81ef968db72.jpg,320,181,393,358,Poor Posture
austin_Frame984_jpg.rf.42376e7715a8b048028958cf6b61c68b.jpg,39,184,155,349,Poor Posture
ashlee_Frame1957_jpg.rf.4081c5e5b7b4bb03163cbc6f64f9e7d9.jpg,217,176,294,357,Poor Posture
Frame2179_jpg.rf.45742073ef6942299c9e45345af35b5d.jpg,128,180,194,361,Poor Posture
Frame2373_jpg.rf.45a6aa265f8a1e858a4ffc7ee4c16ee9.jpg,351,188,424,360,Poor Posture
Frame1716_jpg.rf.45d1da1cad10008756b8152a51b8f53a.jpg,237,151,316,330,Poor Posture
Frame2340_jpg.rf.45f7c9ce2c746297570a436fef3f97b5.jpg,214,181,274,358,Poor Posture
austin_Frame1074_jpg.rf.3fc954c91e3ccb8029bd58f4f589c302.jpg,145,183,248,344,Poor Posture
Frame2659_jpg.rf.40277aa829a9ef55aaed5981e2c2a985.jpg,49,193,146,361,Poor Posture
austin_Frame956_jpg.rf.46134150057b9853af70cd6f03ce0620.jpg,170,185,304,350,Poor Posture
Frame3022_jpg.rf.44a1324741ce52ab9afbcc86e939acae.jpg,254,184,324,359,Poor Posture
Frame2013_jpg.rf.46f4ae319b19e30de8885627cedf4e81.jpg,232,180,300,357,Poor Posture
Frame2133_jpg.rf.473ca4ce26a038d990515de87d20b5ab.jpg,356,185,430,362,Poor Posture
Frame2369_jpg.rf.479a47be141fac140ecb1a5487a1bfe4.jpg,336,184,403,357,Poor Posture
Frame1927_jpg.rf.48511a19790bbde24b56f3b6d1761c99.jpg,262,149,348,332,Poor Posture
ashlee_Frame1947_jpg.rf.3fd68d47da15a3bf40aa84e63b382baf.jpg,152,175,241,358,Poor Posture
Frame3191_jpg.rf.48bfd51a7a7963d4513eec92fe52eb17.jpg,118,181,185,358,Poor Posture
Frame1933_jpg.rf.46ef8815aedd9aa00e0aabb3bb431742.jpg,299,147,380,331,Poor Posture
Frame2004_jpg.rf.46f6a67ba973e94586712a36ff22cdd9.jpg,187,180,254,359,Poor Posture
austin_Frame1388_jpg.rf.44851b9454955a5de831eec0bec69abe.jpg,68,165,160,349,Poor Posture
Frame2042_jpg.rf.48f9371b9d93adb54ba6317656b3155a.jpg,379,186,442,361,Poor Posture
Frame1277_jpg.rf.490b4fb47ab284cc0094c27ef46f7ef5.jpg,215,143,288,331,Poor Posture
ashlee_Frame1025_jpg.rf.4774bb9b496c95ffe0d6567c1ed5f4b7.jpg,112,173,180,353,Poor Posture
Frame3157_jpg.rf.49bcb3e230ec1221b6023614a3e57d5b.jpg,294,178,361,364,Poor Posture
Frame2323_jpg.rf.49a722fa9a4c57160c9546fd4a2de49a.jpg,111,183,192,355,Poor Posture
Frame3183_jpg.rf.49d44e93154cc67cba46a957783d3ef3.jpg,162,177,224,359,Poor Posture
Frame3021_jpg.rf.4a1c154ae6c30f047c910891d19f553d.jpg,249,184,320,359,Poor Posture
ashlee_Frame1078_jpg.rf.47374eae1c615cc19cc097a7f496668e.jpg,332,173,406,357,Poor Posture
Frame3174_jpg.rf.4a7415081bfe4fb4e2b44ad43ea7f2c5.jpg,210,183,274,359,Poor Posture
Frame2883_jpg.rf.48fe6ce11dc3a55353ef0cb93f183fc7.jpg,80,185,159,359,Poor Posture
Frame2858_jpg.rf.4a094105b9430e7d204d90049d260959.jpg,192,189,284,359,Poor Posture
Frame2009_jpg.rf.492a3da870bcbf5698014b06f53bd8ec.jpg,214,180,282,356,Poor Posture
Frame2132_jpg.rf.48c635fcf40120ee35e2b50014ad4c0c.jpg,360,185,435,360,Poor Posture
austin_Frame1431_jpg.rf.46195c178e695101921e7ab6f10a9973.jpg,301,168,388,349,Poor Posture
Frame2161_jpg.rf.4a8a4ee1b5b829e070811507e7c52f85.jpg,220,183,291,359,Poor Posture
Frame2881_jpg.rf.4aac973a6e607f75e074cb9e77abfecc.jpg,86,187,169,358,Poor Posture
Frame2045_jpg.rf.4ac47e08d474dc0479e0ad55f515f537.jpg,396,183,452,359,Poor Posture
ashlee_Frame1042_jpg.rf.4b2b76509964c223b5e0a8f03c018c43.jpg,187,177,258,353,Poor Posture
Frame2126_jpg.rf.4b6de124153791489d62df28df169d5d.jpg,381,183,452,361,Poor Posture
Frame3186_jpg.rf.4b8244709c304472bd38704ba1435bbc.jpg,144,180,209,355,Poor Posture
austin_Frame1394_jpg.rf.4a7de14202027f8f709723250ee49511.jpg,110,169,208,349,Poor Posture
Frame2339_jpg.rf.4bb590505bd54abbb6d84ef2d4637b79.jpg,205,182,268,359,Poor Posture
Frame2030_jpg.rf.4bc9013d46d3cb69e5b23ae7f9280e1c.jpg,319,179,390,359,Poor Posture
Frame2159_jpg.rf.4bd395b6080b8003698ff38254ecf3b7.jpg,231,183,299,359,Poor Posture
Frame1482_jpg.rf.4c1c94bcb209ccb90972dc7a9f1d751d.jpg,146,145,238,329,Poor Posture
ashlee_Frame2093_jpg.rf.4c43fc0ef7035c8e685fc97376fce483.jpg,346,179,425,360,Poor Posture
Frame1727_jpg.rf.4b73a604822fc1a8a650976f8c7ae3a4.jpg,178,147,256,325,Poor Posture
Frame2160_jpg.rf.4cd6dd85ac9e8c18ea620947ec28d364.jpg,226,185,294,361,Poor Posture
Frame2086_jpg.rf.4d1a86aa5cb14ec9b8c687f17621557b.jpg,320,145,425,332,Poor Posture
austin_Frame929_jpg.rf.4d37b3a08de96a6fabde8d0dfa689c2b.jpg,298,189,399,353,Poor Posture
Frame2327_jpg.rf.4e82f5c7fc70caa1cebc5304da111331.jpg,133,185,208,357,Poor Posture
Frame2662_jpg.rf.4f7969158a7da4b1d3f8eb65ae278a71.jpg,66,191,166,364,Poor Posture
austin_Frame1386_jpg.rf.501a7db85d8139aa9440bbdbc1341c05.jpg,58,165,148,351,Poor Posture
austin_Frame1439_jpg.rf.5022a2cd9bbf75fbc389184cff6e6630.jpg,348,164,421,352,Poor Posture
austin_Frame1569_jpg.rf.504851dbf6d069a20d0e8799df259365.jpg,200,171,274,352,Poor Posture
Frame2825_jpg.rf.50684c81f3115a2eb4c31a762022b07e.jpg,353,193,451,362,Poor Posture
austin_Frame1293_jpg.rf.50aa62835e517c1085bfeb7419b8c584.jpg,66,171,161,349,Poor Posture
austin_Frame1590_jpg.rf.50afed565d0e6516be28c920ad39323e.jpg,77,161,166,351,Poor Posture
Frame2344_jpg.rf.513c0a6a9f0e5a013ad3aabe245adf44.jpg,223,179,288,357,Poor Posture
ashlee_Frame1939_jpg.rf.5189bceb47e177c4c8fbac529e362ab4.jpg,121,171,211,352,Poor Posture
Frame2174_jpg.rf.519e661f376026ec2dcc07bd2b76eea1.jpg,159,182,222,356,Poor Posture
Frame2844_jpg.rf.51c240e40547ecc43c19d1963e778f1d.jpg,264,191,361,359,Poor Posture
Frame2040_jpg.rf.4e554a9ae849ce79f119a4624416c110.jpg,369,183,432,359,Poor Posture
austin_Frame1417_jpg.rf.51e3bcb1f9535998cdfa4f974d24c634.jpg,236,161,319,351,Poor Posture
austin_Frame1255_jpg.rf.51ef830f1cdc9654ae5f1e1f796042e1.jpg,256,169,347,351,Poor Posture
Frame3034_jpg.rf.528868fe9db0d60f31cbe3c0464d9fd0.jpg,325,183,394,359,Poor Posture
Frame1995_jpg.rf.4f003255015606ffb370efa0a0a8def1.jpg,132,176,202,373,Poor Posture
Frame3138_jpg.rf.5301dcea39d26ed9b5c68e92a8dc1067.jpg,383,181,451,360,Poor Posture
Frame2989_jpg.rf.532ef206921698a3826e748317ba020c.jpg,88,191,165,355,Poor Posture
Frame1272_jpg.rf.534904685fbe417aa471941a79c0fa78.jpg,245,143,323,331,Poor Posture
Frame3039_jpg.rf.53d08e6ef71c6187da39f11667293e42.jpg,353,183,421,363,Poor Posture
austin_Frame1273_jpg.rf.54118f6e8601e4576a8f98465b35d495.jpg,169,169,255,349,Poor Posture
Frame2005_jpg.rf.4da6e1a150a9214ac1d5d16f34f8a037.jpg,194,180,261,361,Poor Posture
austin_Frame1087_jpg.rf.543b3d5760829012253124a9f76a5074.jpg,197,191,307,349,Poor Posture
austin_Frame1412_jpg.rf.4ca4c28b11a8bbf0111cbd1b388455d5.jpg,198,172,292,349,Poor Posture
Frame2033_jpg.rf.5034edd9daf9a9e5e4c1a56e90362e57.jpg,333,178,402,357,Poor Posture
austin_Frame937_jpg.rf.5218e73d594952471f07e1b7fb03a0c3.jpg,260,183,359,350,Poor Posture
Frame2538_jpg.rf.54d80d66ab22770146b7880e3aecb6aa.jpg,129,176,199,357,Poor Posture
austin_Frame1401_jpg.rf.54f2e145f7c62c64f3c6646b81842591.jpg,141,170,238,348,Poor Posture
Frame2983_jpg.rf.550a61fe28d0da14507c608f803a886f.jpg,49,187,134,359,Poor Posture
Frame2025_jpg.rf.570508020013b3f37c7c00e911f57c95.jpg,294,181,364,358,Poor Posture
Frame2177_jpg.rf.53c9a5ed60706c97353d6f6dcc051350.jpg,139,181,206,361,Poor Posture
Frame2146_jpg.rf.57a932f7e893c6bd371c944bcf60c08f.jpg,297,183,374,361,Poor Posture
ashlee_Frame2125_jpg.rf.57ad6fce5a5b793452ebd4fe7ffce84e.jpg,231,153,343,333,Poor Posture
austin_Frame1415_jpg.rf.57d6997f2b8a32218bc3918759b5c044.jpg,228,162,308,346,Poor Posture
ashlee_Frame2121_jpg.rf.57e8e873c6db87d9e5ae0c7914141c44.jpg,213,181,282,359,Poor Posture
Frame1516_jpg.rf.54df0088791926e72ae9ca3831f66e5a.jpg,341,149,424,332,Poor Posture
austin_Frame1069_jpg.rf.58312d5569004d7ead312b77a338ed8a.jpg,117,187,221,351,Poor Posture
Frame2516_jpg.rf.5838718d0ec12dcb3317d9a3320bb1f8.jpg,240,176,305,361,Poor Posture
Frame3168_jpg.rf.58752bbdda6f76550886a436b11028c5.jpg,241,179,309,358,Poor Posture
Frame2857_jpg.rf.588b3408f5f0463740c7afa565ffded7.jpg,202,189,289,358,Poor Posture
Frame2720_jpg.rf.58bfe6085dbfba02fba690dac2b5484f.jpg,367,193,451,361,Poor Posture
austin_Frame1279_jpg.rf.58c0ffb088aac3d5b4bc12734794e3ab.jpg,137,171,233,351,Poor Posture
austin_Frame970_jpg.rf.5974afd6a1f44e986689b83f84abbf86.jpg,100,191,242,349,Poor Posture
Frame1695_jpg.rf.5729c8d042df3581641a69e39b493c5f.jpg,351,149,438,333,Poor Posture
ashlee_Frame1943_jpg.rf.54efa78fd4680ec199bd0b10aa05baf0.jpg,137,174,228,355,Poor Posture
austin_Frame938_jpg.rf.59a921b3266c76d8adf48fc52f914a32.jpg,259,183,355,352,Poor Posture
Frame1938_jpg.rf.59b9ecc49e6fff8937d00b95c751e816.jpg,329,145,411,333,Poor Posture
Frame3020_jpg.rf.5433889d7d28d717150549c455729d68.jpg,245,184,316,359,Poor Posture
austin_Frame1561_jpg.rf.59cbf618d9b4ead9eaeee5f1dc1d52aa.jpg,238,168,318,350,Poor Posture
Frame1738_jpg.rf.59cf6ba788faf0eea33b48a15835d50c.jpg,112,148,196,333,Poor Posture
Frame2165_jpg.rf.54908eb6fe04d3ef291d471032a198c3.jpg,204,181,271,359,Poor Posture
Frame2341_jpg.rf.59d4059f1443c12d42bb928d5729b542.jpg,214,181,278,358,Poor Posture
Frame2188_jpg.rf.59e8d331b75f9a1349581b263689661f.jpg,84,177,155,358,Poor Posture
Frame2847_jpg.rf.5a2d95637853cb81f9fd2a662c8489d0.jpg,248,193,345,357,Poor Posture
Frame2114_jpg.rf.58fbb386386cd762e060cafae4a42060.jpg,252,153,360,331,Poor Posture
Frame1279_jpg.rf.5a761738416fbba69c55a80d0fddacb8.jpg,206,139,277,333,Poor Posture
austin_Frame1542_jpg.rf.5a7e2bb22e673ec48da519c50a5e7e33.jpg,340,167,425,352,Poor Posture
Frame1911_jpg.rf.5ae3666514b227a07c8344b943882dd4.jpg,173,148,255,335,Poor Posture
Frame1489_jpg.rf.5afae2ad24ea0965b6f4c84a97d66ca7.jpg,189,147,276,328,Poor Posture
austin_Frame1580_jpg.rf.5b0581fc3eae3d1c46e0479e542c7052.jpg,146,169,224,350,Poor Posture
austin_Frame1075_jpg.rf.5b457300898a2e6edfe71c5316076e75.jpg,150,184,252,350,Poor Posture
Frame2149_jpg.rf.5b30210ef52aad942a5461a6ede244c1.jpg,283,184,358,361,Poor Posture
ashlee_Frame1973_jpg.rf.5bb4916edbcf201696713d578c4e74d4.jpg,307,181,380,359,Poor Posture
austin_Frame1274_jpg.rf.5c1485111239eef0f8ec53146f9d2674.jpg,163,169,251,351,Poor Posture
Frame2680_jpg.rf.5d1a6d37b445e0a70ba576bbb6d4901b.jpg,162,192,257,355,Poor Posture
Frame1720_jpg.rf.5d4e5801dce7a095e0e010307097711a.jpg,217,145,289,328,Poor Posture
Frame2845_jpg.rf.5d8331fc82a2af9299d9681ca8c1c120.jpg,260,191,355,359,Poor Posture
Frame1925_jpg.rf.5ada2f470ebb9bdf9a62c18a4eff22de.jpg,247,148,338,329,Poor Posture
austin_Frame1097_jpg.rf.58f6818a36640fd5f53c95cc21aedb21.jpg,245,186,356,350,Poor Posture
ashlee_Frame2131_jpg.rf.5d84a8c4a839bab8a50b1b9e95381157.jpg,227,160,338,333,Poor Posture
Frame1991_jpg.rf.5d93192f3626e66d8d359b1608037d1c.jpg,111,173,182,376,Poor Posture
Frame3037_jpg.rf.5e52ff3efaedb5c12d5a677602e48944.jpg,342,183,410,361,Poor Posture
Frame2885_jpg.rf.5e75930770ea7814a931dec36a2da3cd.jpg,70,185,155,359,Poor Posture
Frame3006_jpg.rf.5cf181c0ed4fb056dcab72171ee2a7ce.jpg,167,189,242,359,Poor Posture
Frame2689_jpg.rf.5ee58def08ea6cac7c2ade3e3f32eb4c.jpg,213,188,300,353,Poor Posture
Frame2080_jpg.rf.5f2961a7e297d1055226cd13a4148681.jpg,327,150,433,335,Poor Posture
Frame3042_jpg.rf.5f3da884f10a7cf94e52abe0cab223bf.jpg,366,180,436,361,Poor Posture
austin_Frame1424_jpg.rf.600d11c9d1c8854400ecd9b7f5da0a53.jpg,259,163,346,350,Poor Posture
Frame1468_jpg.rf.5c3ac82325d4dba71219686cceaf8ce9.jpg,74,150,160,347,Poor Posture
austin_Frame1576_jpg.rf.61ffc078c67e4a0a4518459f1c990b4c.jpg,160,171,237,353,Poor Posture
Frame1988_jpg.rf.62031b8d9a67c5bc6653bcd6187a3785.jpg,96,175,167,361,Poor Posture
Frame2153_jpg.rf.62240f4372fad01a5b228abdc79dbb55.jpg,264,186,335,359,Poor Posture
ashlee_Frame1210_jpg.rf.624061bf3a87c6f7a5d8f26db02b25dc.jpg,351,173,431,357,Poor Posture
Frame1711_jpg.rf.5f0144c2a443e38d2510484dba32252d.jpg,265,147,348,331,Poor Posture
Frame2342_jpg.rf.6283ee4b0a4e3095f84ae5ac0fa7dd89.jpg,217,180,281,358,Poor Posture
austin_Frame1103_jpg.rf.63708f5816ee096b27a6fdfd76c4e60c.jpg,273,185,382,351,Poor Posture
Frame1900_jpg.rf.62d9069fa395aa3be85686dc5a9ee7b5.jpg,110,147,196,337,Poor Posture
austin_Frame1112_jpg.rf.63a172beeff45cfad266d92153e05e59.jpg,325,187,426,351,Poor Posture
austin_Frame2131_jpg.rf.63bbb5f8be3554ea14eacc735ae93ad5.jpg,162,183,231,359,Poor Posture
Frame2991_jpg.rf.602f4cbe967ed3dacb9b185bf4a20b44.jpg,96,186,175,353,Poor Posture
austin_Frame1058_jpg.rf.642fcca741417e0fa3e266a701ab0b0e.jpg,60,185,162,345,Poor Posture
ashlee_Frame1024_jpg.rf.5e768d0f24214e1ba5512f74b97f99de.jpg,102,170,175,353,Poor Posture
austin_Frame1574_jpg.rf.5fa902b8aa37eca99e09992d7f11a2b8.jpg,170,166,245,349,Poor Posture
Frame3167_jpg.rf.6011e423884d868c0da94577baf0e642.jpg,246,179,315,360,Poor Posture
ashlee_Frame2138_jpg.rf.646ae7b3078bcc4ca9e11e96503c11c0.jpg,217,161,327,333,Poor Posture
austin_Frame1263_jpg.rf.648ed311191243a184942725ba17e0cd.jpg,218,170,313,350,Poor Posture
Frame3188_jpg.rf.653619ec1163ff14c9d671b28c5bd1bc.jpg,135,180,203,357,Poor Posture
Frame2016_jpg.rf.6558f7b2ee233b5bd0c3789d9f90fb48.jpg,243,181,316,358,Poor Posture
austin_Frame1094_jpg.rf.655a966f3aacc0cc6318a04286bb481d.jpg,233,185,341,351,Poor Posture
Frame3149_jpg.rf.635cdceb86188a9100f4db50a5f289c1.jpg,336,181,412,363,Poor Posture
austin_Frame1421_jpg.rf.661b0b6b5a9d160ac0822a240a854d97.jpg,255,164,336,351,Poor Posture
Frame1734_jpg.rf.66736ab32bf5bc2874dbbadf2c5170e6.jpg,135,151,219,335,Poor Posture
ashlee_Frame1033_jpg.rf.66b12b77d1e3a082087e9c5e618b94c1.jpg,139,173,225,351,Poor Posture
Frame2027_jpg.rf.66f84532b81100bed1f9c33ab820df50.jpg,306,181,373,357,Poor Posture
Frame2100_jpg.rf.6727548619d2dd135ece48e08afb5c6a.jpg,295,151,405,331,Poor Posture
Frame1993_jpg.rf.6745596919d5aea90ce7e5e868f45eeb.jpg,119,176,192,379,Poor Posture
austin_Frame1582_jpg.rf.6770fb2ccc96dbffaddb559a8244a1a1.jpg,128,167,209,350,Poor Posture
Frame2091_jpg.rf.62d63a8e4600e3465298d94083866f4d.jpg,311,149,420,335,Poor Posture
Frame2154_jpg.rf.60d4e973f67937ce487f51ad5ba1a619.jpg,258,186,329,359,Poor Posture
Frame3172_jpg.rf.67718d126aa39e71bad038a4b4e7a0e7.jpg,221,183,284,359,Poor Posture
Frame2330_jpg.rf.63426a717f63ca82de22c7cd958272d9.jpg,151,185,221,357,Poor Posture
Frame2880_jpg.rf.681cad90af1dd3aeb3ec217a38268a94.jpg,90,187,174,357,Poor Posture
Frame1709_jpg.rf.687899d6edf60c2b7854685fe3c4f52a.jpg,277,152,358,334,Poor Posture
ashlee_Frame1069_jpg.rf.65e8380319b3e6b82a5f1dcf925f2ae3.jpg,293,172,368,356,Poor Posture
Frame2827_jpg.rf.6654dd0379d3ffdf2ff46449ce01de7f.jpg,344,193,438,360,Poor Posture
Frame1912_jpg.rf.68cdbad9656d0409200db0f57d2c965e.jpg,186,144,265,331,Poor Posture
Frame3023_jpg.rf.692ba641a9edbf6991a71660e1e40ddf.jpg,258,184,330,361,Poor Posture
Frame1506_jpg.rf.695e494b8544e7884a7ef5778a8acd64.jpg,273,149,361,332,Poor Posture
austin_Frame1054_jpg.rf.646ce191c322dd0f4c27b508170bed51.jpg,32,185,140,344,Poor Posture
Frame2166_jpg.rf.6a17558f6330d71ebbbf997cbcb64525.jpg,198,182,269,361,Poor Posture
austin_Frame1055_jpg.rf.6a3b03b422b66b8dc6a413f8ca0a2862.jpg,38,183,142,348,Poor Posture
Frame2835_jpg.rf.6a5d1dd643a629cca02b20c9b240424c.jpg,302,190,401,359,Poor Posture
austin_Frame1065_jpg.rf.6750632601d514f9f6fe81772e4149e5.jpg,90,183,196,346,Poor Posture
Frame2528_jpg.rf.6a933d03b1bf330b3c0752235ea60cbb.jpg,178,179,245,359,Poor Posture
austin_Frame1267_jpg.rf.6af120d499a3f325089f8a2c1bc0969a.jpg,200,173,291,352,Poor Posture
austin_Frame2139_jpg.rf.6b349851037c02d4b35160bb5e6a895d.jpg,121,187,193,357,Poor Posture
austin_Frame1418_jpg.rf.6b48c27944aea0afa12b51b5aa770d80.jpg,240,161,325,350,Poor Posture
austin_Frame1411_jpg.rf.6ba18ab3d972204f79baa60d5b145679.jpg,192,170,286,350,Poor Posture
austin_Frame1428_jpg.rf.6c24af70443352d12ffb73a7a70b83eb.jpg,285,165,374,352,Poor Posture
Frame2830_jpg.rf.6c6dba4d3da08821c8709175c10632b8.jpg,327,196,425,361,Poor Posture
ashlee_Frame1219_jpg.rf.6d505063fcda9e9615d916934cdf516c.jpg,314,169,387,359,Poor Posture
austin_Frame973_jpg.rf.6ddebbfb61c4159ba161d89d967b88ee.jpg,84,189,219,351,Poor Posture
Frame2544_jpg.rf.6e243112aac13758e9d7027026aa2199.jpg,101,180,178,367,Poor Posture
Frame2120_jpg.rf.6e385c8a084403406909b16c5f200e2b.jpg,241,156,351,329,Poor Posture
Frame2494_jpg.rf.6e50c6dd9fcfe3c5a0b6fae856289551.jpg,337,175,409,363,Poor Posture
austin_Frame1434_jpg.rf.6e4c372f5eef2c70ebeaa943bce82b4f.jpg,322,170,397,351,Poor Posture
Frame2362_jpg.rf.6e8fdd6a507796d5509923bfb9e1a2dd.jpg,311,184,375,358,Poor Posture
Frame3198_jpg.rf.6f1d49337ced8d413f1ea2bfad224d15.jpg,83,183,150,357,Poor Posture
Frame3156_jpg.rf.6f2e9415cf9f293ecd4fceebf8925fd7.jpg,302,182,367,360,Poor Posture
ashlee_Frame2133_jpg.rf.6cb5b6506a78292c5a6fadbfff798ce4.jpg,224,158,335,334,Poor Posture
austin_Frame1566_jpg.rf.6fdc96577d3fee130e4176e3e2aa9bfd.jpg,218,171,295,352,Poor Posture
austin_Frame1259_jpg.rf.6feb44da1df41a6668dd27e83b46619c.jpg,242,169,333,352,Poor Posture
Frame1522_jpg.rf.6cdbf4276d9bd4f2091c41cfe7dc2c22.jpg,382,146,453,329,Poor Posture
austin_Frame1385_jpg.rf.7064addc9d7514d099c3f6241e7deb0c.jpg,54,165,142,350,Poor Posture
austin_Frame1304_jpg.rf.6e1ae95dcc84a5c7040bebc36f7aae81.jpg,33,171,116,351,Poor Posture
Frame1290_jpg.rf.70703882264ed41485f905eba73b951f.jpg,148,145,223,331,Poor Posture
Frame2167_jpg.rf.70ed5655c0f55fd0fcf8216f3bb5f357.jpg,193,183,264,357,Poor Posture
Frame1894_jpg.rf.70990d876c6c56b223f7de28c9dfb9fb.jpg,72,145,154,336,Poor Posture
Frame1918_jpg.rf.71476d5167fcae4d459388a127548295.jpg,213,146,295,327,Poor Posture
Frame2517_jpg.rf.719b73878bc5b5a885bf52116a46ea25.jpg,234,176,299,359,Poor Posture
Frame2716_jpg.rf.716722e0833a918abf65e1d7c0993c3d.jpg,346,189,433,359,Poor Posture
austin_Frame1393_jpg.rf.7209b09bce4b3ab887a4b4e941a56a3a.jpg,103,169,199,350,Poor Posture
Frame3137_jpg.rf.6d6b85ac074f7a2cd30b81a414612dbc.jpg,388,179,450,361,Poor Posture
Frame3169_jpg.rf.720f3d543b4f962d18e7e32a1e32b6e2.jpg,234,182,303,360,Poor Posture
Frame1509_jpg.rf.721889fe24a7da0ea2b29c3e63353d9c.jpg,296,151,381,330,Poor Posture
austin_Frame1384_jpg.rf.723f0965cf47fa732531055ed5869637.jpg,48,165,135,351,Poor Posture
Frame2702_jpg.rf.72e6bfca6f2e02d38de1ae2dab99399e.jpg,279,193,365,358,Poor Posture
Frame2493_jpg.rf.7309e1730444bbf219fa8baa6ebb203f.jpg,342,172,414,362,Poor Posture
Frame2095_jpg.rf.733d9d2cd83f7cf4ee3e82f117044061.jpg,304,152,416,333,Poor Posture
austin_Frame1098_jpg.rf.735c870942ee16da13b7f0c6713fed38.jpg,249,187,358,351,Poor Posture
Frame2039_jpg.rf.73d0ff0f0dcd85cf436495bb49e0627b.jpg,363,183,428,359,Poor Posture
austin_Frame1256_jpg.rf.7474d28e2f57e196827874883b0bcbd5.jpg,250,169,343,351,Poor Posture
Frame2723_jpg.rf.7488fdf1d3fd82479ad613f005b91f48.jpg,385,189,452,361,Poor Posture
ashlee_Frame1237_jpg.rf.74b49cae39d5c227fcba958a1deef9bf.jpg,234,170,313,358,Poor Posture
Frame1268_jpg.rf.701c1863624844625fd1759aca98a19f.jpg,261,143,342,332,Poor Posture
austin_Frame969_jpg.rf.7514ab14a61069cb39f2e395c3129d69.jpg,104,191,247,349,Poor Posture
Frame2380_jpg.rf.727abd065340bbba9cbcb8e2a2c83240.jpg,393,183,451,360,Poor Posture
Frame3163_jpg.rf.75dd3aed0304c3f7f550a587f37b729f.jpg,266,179,332,361,Poor Posture
Frame1286_jpg.rf.763f320db82a0f97e43eea7d1d7fb2e0.jpg,165,141,243,333,Poor Posture
Frame2148_jpg.rf.7654a612c2fad553b6ec89c6c96ddaff.jpg,288,184,364,363,Poor Posture
austin_Frame1253_jpg.rf.7657d5ac37995b33e55a44cd6a9d3fe9.jpg,266,169,355,351,Poor Posture
Frame2187_jpg.rf.76bd6a895f32a06bbf3f8cb2cbe0fc00.jpg,91,179,160,359,Poor Posture
Frame3142_jpg.rf.76c94f5846dbc48ddbeb05f76cf1a845.jpg,368,180,447,361,Poor Posture
Frame3148_jpg.rf.775cf05d8e836363b6c5a5cba40e9a9b.jpg,342,182,419,363,Poor Posture
Frame2870_jpg.rf.74ed9fe4d1b294062666d560649c8aba.jpg,144,191,227,354,Poor Posture
Frame2006_jpg.rf.77d7f541a9e7d1158c8737ce7782b0a1.jpg,200,181,267,359,Poor Posture
austin_Frame1390_jpg.rf.786f0773345e266ad59d0518bc14730e.jpg,86,175,182,349,Poor Posture
Frame2993_jpg.rf.797c7407f9e3a6f28acb411912be4e38.jpg,106,181,187,356,Poor Posture
Frame3038_jpg.rf.79896b5532383744ba1050a5f89688db.jpg,347,183,417,360,Poor Posture
austin_Frame1578_jpg.rf.79ca0b19878394e79dce07b9b575d38d.jpg,155,167,233,349,Poor Posture
Frame1270_jpg.rf.79e533dfadad0717c7cb99375292c55a.jpg,254,143,329,333,Poor Posture
Frame3036_jpg.rf.79eed8dc0be89c8e77b38431f16881b1.jpg,336,183,406,361,Poor Posture
Frame1706_jpg.rf.7a1f6f88c3c78e2190dbde1638541357.jpg,294,144,373,329,Poor Posture
austin_Frame1568_jpg.rf.74c5cce9c1e51c7931581e8a97536e6d.jpg,204,172,283,351,Poor Posture
austin_Frame1104_jpg.rf.7b876c4c72a7ec174b87dd80469a6adc.jpg,276,187,387,351,Poor Posture
austin_Frame962_jpg.rf.7ab7192042986bfc352d8536fdcf532d.jpg,143,187,281,348,Poor Posture
Frame2003_jpg.rf.7b96da547b819b5463b0b9f5b65c74de.jpg,181,180,246,377,Poor Posture
Frame2192_jpg.rf.75c6a7380915310e7940f02e00e8dead.jpg,68,184,133,357,Poor Posture
ashlee_Frame2106_jpg.rf.7bd4921cab282cf7bcf29a55476e538d.jpg,285,178,352,358,Poor Posture
Frame2308_jpg.rf.7bef62e56dc27abcaad16df3b84021d2.jpg,42,184,121,361,Poor Posture
ashlee_Frame1991_jpg.rf.7cb314fb082dd47758c32dcbb9c71a11.jpg,397,184,462,358,Poor Posture
austin_Frame1265_jpg.rf.7cc124fea3113711c317fc2052b2c4e8.jpg,210,171,303,352,Poor Posture
ashlee_Frame1950_jpg.rf.7805cd028cf13d3dddd6c25ab235160a.jpg,179,179,258,358,Poor Posture
Frame1256_jpg.rf.79ae3abfde65bae0c31afe1135730707.jpg,328,142,403,333,Poor Posture
ashlee_Frame2108_jpg.rf.7cd8f2890867b7ea5693e12fae0b069f.jpg,276,179,344,358,Poor Posture
austin_Frame1252_jpg.rf.79fed235337b226df5027ac92d206ee1.jpg,273,171,359,352,Poor Posture
Frame2545_jpg.rf.79b1048182fcc2617e00d64aac76565e.jpg,97,181,170,379,Poor Posture
Frame2032_jpg.rf.7de43e87b74fef0b2d17a5766a095cbb.jpg,328,180,398,357,Poor Posture
Frame2125_jpg.rf.7d8ac25df89a6ecacb77146c68408197.jpg,385,183,453,361,Poor Posture
Frame3143_jpg.rf.7e027bcb392adaf6a17dd3115c6ef955.jpg,366,179,439,364,Poor Posture
Frame2865_jpg.rf.7e0ef4889de5bbf6098af4613b58c45a.jpg,164,184,255,359,Poor Posture
austin_Frame1105_jpg.rf.7e51e784a7b336da3543cfbb541e830a.jpg,283,187,392,352,Poor Posture
austin_Frame1086_jpg.rf.7e74d1e3ca369ef70e8f240bbd37e609.jpg,193,190,304,351,Poor Posture
austin_Frame1254_jpg.rf.7e85ed102cbf6d5e64917afde08ed02e.jpg,262,169,352,353,Poor Posture
austin_Frame1053_jpg.rf.75639feacfb1f478ec8ec1abbfe27deb.jpg,24,189,134,352,Poor Posture
Frame2850_jpg.rf.7ee8fb6bcc7546c913ac17a73bd0755c.jpg,232,197,325,358,Poor Posture
Frame1700_jpg.rf.7f3e6e6dfca640befb8ea4dc3a0071ea.jpg,326,142,402,329,Poor Posture
Frame2686_jpg.rf.7ca9ba73875c8f5e62dea0181ff89cc7.jpg,200,190,290,353,Poor Posture
ashlee_Frame1021_jpg.rf.7baa7fd1d8f027c00438581cda252eb8.jpg,58,173,138,352,Poor Posture
Frame1740_jpg.rf.7f33813a7f38aa4ed988b63d162b03a5.jpg,101,145,184,336,Poor Posture
Frame2718_jpg.rf.7a5ccdc5aea4df43585994b3ff5b9d06.jpg,354,192,444,359,Poor Posture
ashlee_Frame1970_jpg.rf.7ceafc0fef64fd3f228d96a5a3de3c61.jpg,283,182,356,359,Poor Posture
Frame2999_jpg.rf.80a59368f40a1b4dedfadca577162a4c.jpg,132,185,210,357,Poor Posture
ashlee_Frame1255_jpg.rf.8108059e30780c7f4051ba53e90295cc.jpg,150,169,226,355,Poor Posture
Frame2986_jpg.rf.818356ae9b75c9232faaf36366ece5c5.jpg,73,186,148,355,Poor Posture
Frame2869_jpg.rf.8021c39290e68969d69a67e1b4525803.jpg,150,190,238,358,Poor Posture
austin_Frame1585_jpg.rf.804a52bcdfdddba8f38f0554a36cf096.jpg,110,169,191,350,Poor Posture
austin_Frame928_jpg.rf.7fafdeb5b962db4e8cb9e41ed376731f.jpg,302,188,406,350,Poor Posture
austin_Frame1420_jpg.rf.80c6bd091eadfd19c48b4571f19d2a64.jpg,250,163,332,350,Poor Posture
Frame2992_jpg.rf.80fd7d857b179bc806a9b4d8b7b5c217.jpg,104,185,182,355,Poor Posture
Frame2140_jpg.rf.7f4958e31cee5ed9b17c4c6b351f5af7.jpg,324,183,396,361,Poor Posture
Frame2127_jpg.rf.817d0579a43a1da60f9cd4de6e6319c0.jpg,379,181,454,365,Poor Posture
Frame1471_jpg.rf.81b4321fff2f8d3ca62b73bec4b1afbe.jpg,96,149,180,335,Poor Posture
ashlee_Frame1269_jpg.rf.83dd02c8e6c2f7bfa5409b651faba189.jpg,82,167,155,357,Poor Posture
austin_Frame1399_jpg.rf.8254f5e9661a08113d42d078606652e3.jpg,130,168,226,351,Poor Posture
Frame2884_jpg.rf.8384bc1ab0709b47af9bbd58cf259603.jpg,75,182,161,357,Poor Posture
Frame2489_jpg.rf.80b8c5c99b3ecfa0dffb854062528ed7.jpg,356,173,428,363,Poor Posture
austin_Frame1392_jpg.rf.848bbae1d12704b3941f417fb00d91b4.jpg,98,170,193,349,Poor Posture
austin_Frame1553_jpg.rf.8461ed7364106637eb0bf4bd92dbfa0f.jpg,282,165,365,353,Poor Posture
austin_Frame1242_jpg.rf.8391a989f5da276e54b8ac47bf5e9824.jpg,324,171,417,353,Poor Posture
Frame2711_jpg.rf.822f7f5407c26ac9bbf43c883d141ab0.jpg,321,189,410,357,Poor Posture
austin_Frame1551_jpg.rf.83ed99303f5b5ff1dbe43ec3ea7f2e0f.jpg,292,166,375,355,Poor Posture
Frame1943_jpg.rf.84dc009c8080aebe73e175998bed6df1.jpg,355,145,442,332,Poor Posture
Frame2668_jpg.rf.8489395138b4ffe50e27551db149368b.jpg,100,189,194,361,Poor Posture
Frame1691_jpg.rf.826274ce3f99cdfd46e76006fa71243d.jpg,371,146,452,330,Poor Posture
ashlee_Frame1076_jpg.rf.84e1745a16af7339717442e2b011ae1d.jpg,325,172,396,357,Poor Posture
Frame2692_jpg.rf.861635ec2f0125776900e2f5eed0eee9.jpg,228,190,314,354,Poor Posture
Frame3196_jpg.rf.843f818b93d590a20c8a3010e0418d56.jpg,94,179,159,352,Poor Posture
Frame1982_jpg.rf.87113255ccc2468f8c6c329f417ecf6f.jpg,61,181,133,369,Poor Posture
Frame2540_jpg.rf.880435a7d5e57facc13fbf4c2b68b3fa.jpg,122,174,191,365,Poor Posture
Frame1487_jpg.rf.887184ef6bd93a098dcb197561a13c83.jpg,173,146,266,321,Poor Posture
Frame2860_jpg.rf.884b2a76d2a91700a50f2c999bb1a57b.jpg,186,187,277,358,Poor Posture
austin_Frame945_jpg.rf.887a6f5e0a25503c4779e1b937cab0bf.jpg,226,184,346,351,Poor Posture
ashlee_Frame1954_jpg.rf.88fb1542304c797856d8c4e980340f99.jpg,203,179,278,355,Poor Posture
ashlee_Frame1060_jpg.rf.8561821b177584376337b7bcffaa2471.jpg,249,169,330,355,Poor Posture
Frame1259_jpg.rf.8645428187ee98942c3e0822990c694d.jpg,308,141,381,334,Poor Posture
Frame3144_jpg.rf.8912e1f2ae7cefe446b215089272d706.jpg,361,180,435,361,Poor Posture
Frame2530_jpg.rf.872d4f61a1b00053d5b15fd66febf350.jpg,167,176,236,357,Poor Posture
Frame1514_jpg.rf.892eb4ceab4ab7dcc89e3905bccd64b2.jpg,331,149,410,328,Poor Posture
Frame3019_jpg.rf.866e4668b8d37775028e9b789279353c.jpg,239,183,310,359,Poor Posture
austin_Frame1099_jpg.rf.8a5a5f62bda47e49f82ad5c1095ff458.jpg,254,185,364,349,Poor Posture
Frame3187_jpg.rf.8aa0d02d31eee1825e7db555b37b9437.jpg,137,179,207,358,Poor Posture
Frame1491_jpg.rf.8ab1b09a631106a793957daa0a9eefab.jpg,199,148,285,325,Poor Posture
Frame3045_jpg.rf.87c52fdf56a4df40d70ef483d20b8d2c.jpg,381,182,450,365,Poor Posture
Frame2104_jpg.rf.88978bfb954810a21a07bcd19318609f.jpg,287,151,400,332,Poor Posture
austin_Frame971_jpg.rf.8aec0e7c01bda47ce318737884c6f246.jpg,98,191,233,352,Poor Posture
Frame2172_jpg.rf.8b79756905a02300539e82a88bfca1e0.jpg,169,184,238,361,Poor Posture
Frame2832_jpg.rf.8b586221d23bb3d2c039b1d070853fe2.jpg,319,196,413,361,Poor Posture
Frame2320_jpg.rf.8922893eac8f252c5ecc04ff75428082.jpg,97,183,179,360,Poor Posture
ashlee_Frame2140_jpg.rf.8c07eb8e377207367c10ff3147522e82.jpg,214,162,326,333,Poor Posture
Frame2691_jpg.rf.8c42af92de4b7aa5a0bf33c074da0cec.jpg,221,189,312,355,Poor Posture
austin_Frame978_jpg.rf.8c9388f22ec13c8646ea3560b501c987.jpg,64,183,183,349,Poor Posture
ashlee_Frame1968_jpg.rf.8cb8f95e4e81ccfdeb72065950eb52e5.jpg,268,182,344,358,Poor Posture
ashlee_Frame1264_jpg.rf.893aba65ff113144f211cc6e7906633e.jpg,109,167,177,362,Poor Posture
Frame2878_jpg.rf.8cce22d7cb5c8cbc7da6a119a9f3f088.jpg,100,186,183,355,Poor Posture
Frame2519_jpg.rf.8dc2dad9bba2e2a7305934315fa4d8b5.jpg,226,177,294,359,Poor Posture
ashlee_Frame1256_jpg.rf.8e1873fdbae3857105c74ee310fffa9c.jpg,141,170,218,356,Poor Posture
ashlee_Frame1048_jpg.rf.8e758ce43a419f1ed4c9647fdd092290.jpg,211,167,279,353,Poor Posture
austin_Frame983_jpg.rf.8c23ff2ddbe43c2594288a967c1bebc0.jpg,45,183,158,350,Poor Posture
austin_Frame1264_jpg.rf.8b7bec0e013e5494dbff84644f846ca4.jpg,214,171,309,351,Poor Posture
Frame2508_jpg.rf.8e7927b460a902f4e57cef47bca83e1e.jpg,270,177,332,360,Poor Posture
austin_Frame936_jpg.rf.8bcb7b8df0dd3d851d827d51e4256698.jpg,270,188,363,351,Poor Posture
Frame2168_jpg.rf.8f215ce9aa87274ea83e8a6f2a1da7e2.jpg,190,181,259,358,Poor Posture
Frame1520_jpg.rf.8c81f50ce0294ed42b1d058e8688140d.jpg,358,147,440,334,Poor Posture
ashlee_Frame2147_jpg.rf.8f69ad6937a343e532ac58157dfe65e0.jpg,198,155,304,328,Poor Posture
Frame3003_jpg.rf.8f957684a059ef2e08d4a08e59040fd8.jpg,148,184,228,357,Poor Posture
austin_Frame1078_jpg.rf.9067967d672c488be24ea5b1cb78ff45.jpg,157,185,260,346,Poor Posture
Frame2046_jpg.rf.90d127574a833d825094a8dd065e2afe.jpg,402,184,452,361,Poor Posture
Frame2156_jpg.rf.91a5b29f1d2c2bc7c35823c6e5efc5f0.jpg,246,184,315,361,Poor Posture
austin_Frame960_jpg.rf.91b3fbe29e87e75389f3946331885750.jpg,149,188,293,351,Poor Posture
Frame2875_jpg.rf.91c404e37cdf15d98d926889e9989417.jpg,116,185,201,359,Poor Posture
Frame3162_jpg.rf.921e686b4aee50cea445eb731b7a47e1.jpg,271,179,337,359,Poor Posture
ashlee_Frame1053_jpg.rf.8b37ccae23531c85ac7ee98fa0d69e25.jpg,225,169,300,353,Poor Posture
Frame2543_jpg.rf.8ecb2cd3f27137f910c7f347668fe689.jpg,104,177,180,365,Poor Posture
Frame3032_jpg.rf.8cd98a86cc64788dbedb55ae76a55764.jpg,311,187,380,361,Poor Posture
Frame2987_jpg.rf.923bd8b52a2221cc31e3b90fb15a77c8.jpg,72,189,154,357,Poor Posture
ashlee_Frame2145_jpg.rf.8fd8323fcd680d9e528d0ae97282cc1a.jpg,203,162,311,331,Poor Posture
Frame3016_jpg.rf.8f639b18abaa41a9de8ad11ac5dfd815.jpg,225,184,297,357,Poor Posture
austin_Frame1068_jpg.rf.927aee8575ea0e0d3096cbf7ce57f193.jpg,108,187,210,349,Poor Posture
austin_Frame1251_jpg.rf.92a4b39f03a9cc27f65d00cce0447a90.jpg,278,169,365,353,Poor Posture
ashlee_Frame1242_jpg.rf.906824e3f58510aca6b30baad681820d.jpg,206,169,279,356,Poor Posture
austin_Frame1593_jpg.rf.92d3ce6a9f34983358983ff0c833cbf8.jpg,64,164,161,349,Poor Posture
Frame2529_jpg.rf.92f29f59acebb6aeec2e650317a1d5fb.jpg,172,178,239,357,Poor Posture
Frame2075_jpg.rf.932dbee85d51157dbd166020b9a12fb9.jpg,336,148,447,333,Poor Posture
Frame2487_jpg.rf.93eb47089edd4424183fc1219f3ca479.jpg,364,174,433,361,Poor Posture
Frame2029_jpg.rf.935c482cf38f1b3432b379c2082ed3d4.jpg,315,179,384,360,Poor Posture
austin_Frame1100_jpg.rf.944a0196e514f85dc2a243cc8d14c452.jpg,257,185,367,350,Poor Posture
Frame2834_jpg.rf.94ca6f92e6b6028590dbd53bd7f46073.jpg,308,191,402,359,Poor Posture
Frame2532_jpg.rf.949af69a8bcf580307659c4c3067ac16.jpg,158,177,226,359,Poor Posture
Frame3178_jpg.rf.94d44e9476c363090b8761026ab952e4.jpg,186,179,249,361,Poor Posture
austin_Frame948_jpg.rf.950b7924e3d63c12cc6a62813cb968cd.jpg,214,185,336,351,Poor Posture
austin_Frame2135_jpg.rf.95330724111105c590bbfb4d9eec0fe3.jpg,143,185,211,356,Poor Posture
Frame2866_jpg.rf.959bbb20b588a82b2f9df7b422016d0c.jpg,159,189,247,357,Poor Posture
Frame3185_jpg.rf.921e26f16eacd19aa10890b3209ce19f.jpg,148,179,218,356,Poor Posture
austin_Frame1247_jpg.rf.9271edd617555fdc2c953b9492a052a0.jpg,302,173,395,352,Poor Posture
Frame1257_jpg.rf.95e350aab04cd5056ba1960fb3c5d804.jpg,318,143,395,334,Poor Posture
Frame2363_jpg.rf.96d038fce6831689bffd3427436efdc6.jpg,313,183,379,359,Poor Posture
austin_Frame1382_jpg.rf.93117f18819193c2d98ed0e527c21b94.jpg,41,163,128,350,Poor Posture
austin_Frame989_jpg.rf.97214682fe2f80f7624fe0b0f5100abc.jpg,11,187,126,349,Poor Posture
ashlee_Frame2129_jpg.rf.9986f556f884c3c7807c5eec3655b29c.jpg,227,159,336,333,Poor Posture
austin_Frame1285_jpg.rf.92f1741b88f630faf8a11ed87170ac3a.jpg,108,169,207,349,Poor Posture
austin_Frame953_jpg.rf.999cf9471194fe30e38e4845515a0b23.jpg,187,186,314,353,Poor Posture
austin_Frame1397_jpg.rf.948fd727cea5f4212e942b79fd44f631.jpg,120,168,216,351,Poor Posture
Frame1274_jpg.rf.9a535fba536e92e417acbe8775bc1409.jpg,234,145,311,332,Poor Posture
Frame1733_jpg.rf.9a61aaff90881e940285f738198d2757.jpg,144,149,229,331,Poor Posture
Frame2721_jpg.rf.9a6a1ed53462ef6fe2c4d7b5ad13e2fa.jpg,373,192,451,361,Poor Posture
Frame3158_jpg.rf.9a7bd2724823e6ed24cbed0e3ddce0fe.jpg,290,179,357,360,Poor Posture
Frame1265_jpg.rf.9716ce76fefadcd191231bf214f9785e.jpg,282,141,356,333,Poor Posture
Frame2658_jpg.rf.9aff4434e3e78a5b93a32c56c01e9c1d.jpg,42,193,138,363,Poor Posture
Frame2336_jpg.rf.9b20cf50b0561e9eac7e32ca14577307.jpg,189,183,252,358,Poor Posture
Frame2667_jpg.rf.9b3b8b918b86b1f8f549029ac3e6b661.jpg,92,191,188,359,Poor Posture
ashlee_Frame1247_jpg.rf.997b4831da06fab99d0db8cc20da2d17.jpg,184,167,254,355,Poor Posture
Frame2372_jpg.rf.9beb60768e04533d170c8eeca039d31c.jpg,347,186,418,359,Poor Posture
austin_Frame952_jpg.rf.95daf176a08f2279bec89aac19c059cf.jpg,192,187,319,351,Poor Posture
austin_Frame1249_jpg.rf.9bfb279fcff12060d077785a9a7f42cd.jpg,287,169,377,352,Poor Posture
Frame2506_jpg.rf.9c2d9337cfc31e261f8905e729e88004.jpg,280,176,345,359,Poor Posture
Frame2084_jpg.rf.96a1341d3242e5e49b241aa10aaa15c3.jpg,323,149,426,328,Poor Posture
Frame3173_jpg.rf.9cdbf81e670348321f50a8729d9e0938.jpg,214,182,279,361,Poor Posture
ashlee_Frame1062_jpg.rf.9cf3b4992189de46ee911504ed1a9108.jpg,255,171,338,355,Poor Posture
Frame2679_jpg.rf.9d6735c186558ab629442f60927c12a5.jpg,157,194,250,359,Poor Posture
ashlee_Frame1046_jpg.rf.9d75efd6cb09966774aa7b5779ba154e.jpg,201,171,273,353,Poor Posture
Frame1502_jpg.rf.97aae44b14b1cb3d9b71a68ab182d162.jpg,257,145,340,323,Poor Posture
austin_Frame1102_jpg.rf.9da38a7a2756ddbcf45ac740425e5008.jpg,268,186,376,351,Poor Posture
ashlee_Frame2124_jpg.rf.9dd7f812cfaf16bc630fdf2428c7b90e.jpg,236,153,347,333,Poor Posture
Frame1704_jpg.rf.9e2ad37ee207f096b42fc61a1df225dd.jpg,306,143,384,330,Poor Posture
Frame3041_jpg.rf.9e5aa5a12197f93c406d3e4639c5c8ff.jpg,360,182,432,361,Poor Posture
Frame3030_jpg.rf.9eabfe7d18d86f1e5527d4d7d538e2e8.jpg,302,188,368,361,Poor Posture
Frame3027_jpg.rf.9ee91f254880210d1c07674c3172c8e7.jpg,283,186,351,361,Poor Posture
Frame2364_jpg.rf.9f77fcc5f881eab22c01d007d16569ff.jpg,318,183,384,361,Poor Posture
Frame2498_jpg.rf.9fdac5c2226e9286574730fd54344078.jpg,320,175,391,359,Poor Posture
Frame2015_jpg.rf.9b6394ac7a0d434a1b1cbaa93bea9204.jpg,238,181,311,357,Poor Posture
austin_Frame958_jpg.rf.a080980e1d23a9910bfec9399ad1d8f8.jpg,158,186,297,352,Poor Posture
Frame2354_jpg.rf.9c5db89dd6e75daf2c04b0880d34a57a.jpg,271,186,338,362,Poor Posture
austin_Frame1433_jpg.rf.a0a7b378056d703c03b161d184913d12.jpg,318,171,398,352,Poor Posture
Frame2334_jpg.rf.a0d7e19dc22f4167c85bf411784aa3ee.jpg,175,185,243,356,Poor Posture
Frame2509_jpg.rf.a1004d40a49b7ada002c0d28aeef1c35.jpg,267,173,330,362,Poor Posture
ashlee_Frame1027_jpg.rf.a1a399f4bd4af65834a7f06aff037689.jpg,120,173,194,351,Poor Posture
austin_Frame1557_jpg.rf.9d96dae66b33b77520501d5926791c2b.jpg,263,166,347,352,Poor Posture
Frame2010_jpg.rf.a1c7d4b483d4e98fbc6567e3c2eb69e9.jpg,218,179,287,360,Poor Posture
austin_Frame1559_jpg.rf.a242a695b4474e530861ec6685be2cc8.jpg,250,166,331,352,Poor Posture
Frame2500_jpg.rf.a28961902a4c663d54b37735b30be82f.jpg,313,179,381,358,Poor Posture
Frame3017_jpg.rf.a320dfc6241b279decd1f991b9d99e31.jpg,230,183,300,359,Poor Posture
austin_Frame2133_jpg.rf.a3452a43fba7b88c2640bee673768caf.jpg,150,187,221,355,Poor Posture
austin_Frame1079_jpg.rf.a36bdc761ad670cd0a05a941f767f8ae.jpg,163,187,266,345,Poor Posture
Frame1293_jpg.rf.a38e3a1e9a9613073a744e3a237839d7.jpg,131,146,205,333,Poor Posture
Frame3153_jpg.rf.9f7d0de33e806d9f2e6a9d4fa2e95cde.jpg,314,182,384,364,Poor Posture
Frame2660_jpg.rf.a4125ee02f873acf19abf24581f532f6.jpg,56,191,152,361,Poor Posture
ashlee_Frame2095_jpg.rf.a419203aa5dafe3ecfb92b7254665220.jpg,338,179,411,360,Poor Posture
ashlee_Frame1981_jpg.rf.a46cb441e62d7c4cb674fe5fd138dfb0.jpg,343,177,421,357,Poor Posture
Frame3040_jpg.rf.a51e98d520e88b4c663751f882831fb6.jpg,357,181,426,359,Poor Posture
Frame1493_jpg.rf.9de3474c2adaa75dee6f1f3d1c3b2845.jpg,212,149,297,317,Poor Posture
Frame2669_jpg.rf.a07fa51917dc3e9f1356b29479bc9370.jpg,101,191,196,357,Poor Posture
Frame1904_jpg.rf.9faedfc7736c503084750e44dcacf390.jpg,126,143,213,333,Poor Posture
Frame1713_jpg.rf.a63708badef950c81cddb5259c093816.jpg,255,145,336,330,Poor Posture
austin_Frame1243_jpg.rf.a5ff02f204e78e326ecc1f4d027e8e23.jpg,316,170,411,353,Poor Posture
ashlee_Frame1028_jpg.rf.a657855ad0abf9428a7e89dfe729f11d.jpg,124,173,201,349,Poor Posture
Frame3166_jpg.rf.a65c1079d46ce00e5bfb3f7c20e94812.jpg,252,180,318,361,Poor Posture
austin_Frame963_jpg.rf.a65fe241b7d4fc3f3c0dde5a871c183e.jpg,139,187,275,350,Poor Posture
Frame2843_jpg.rf.a6967d03d89728013a8d59c45a8d9e7e.jpg,268,188,364,357,Poor Posture
ashlee_Frame2134_jpg.rf.a73bb8a40874553c8741220c0312c6f8.jpg,223,159,333,333,Poor Posture
austin_Frame965_jpg.rf.a763102c44858c53a5e1ab3eb7c81996.jpg,124,189,265,350,Poor Posture
austin_Frame1564_jpg.rf.a7c28be7a8a148693ca4e44aa9db0b3b.jpg,228,172,306,350,Poor Posture
Frame1931_jpg.rf.a09c830bdb0f0e954198ac7861f1c263.jpg,289,145,370,331,Poor Posture
Frame2501_jpg.rf.a7d7c736ef60c00135a2f68bb12fb3be.jpg,306,180,373,362,Poor Posture
Frame2109_jpg.rf.a808f93b8a7bbe4312514d949a127670.jpg,271,153,384,332,Poor Posture
austin_Frame1297_jpg.rf.a41a4c8436d6a0e78af5d47c7b8d9159.jpg,49,170,139,347,Poor Posture
Frame1518_jpg.rf.a816e643a48a1267841ca906a8cd7b6e.jpg,350,147,430,327,Poor Posture
Frame3154_jpg.rf.a82140f59a6cc42772cf31fcec8d710d.jpg,311,182,376,359,Poor Posture
austin_Frame2137_jpg.rf.a83461337a91d5ee56818b63f7a19eff.jpg,133,186,201,353,Poor Posture
Frame2038_jpg.rf.a844f268d80c71874c621ea240b8eb47.jpg,355,181,424,360,Poor Posture
Frame1261_jpg.rf.a89c15678bf634854c963ccf0b9be5eb.jpg,299,142,374,333,Poor Posture
austin_Frame985_jpg.rf.a8d97e058c47c6815c0a0180385c32f4.jpg,34,185,149,349,Poor Posture
austin_Frame957_jpg.rf.a8e65f35520f1c21c469b6bae0657247.jpg,164,186,302,352,Poor Posture
austin_Frame2129_jpg.rf.a694ad32f6fe93a06ddbeb618b97eef9.jpg,170,178,245,359,Poor Posture
ashlee_Frame1228_jpg.rf.a99fa895dc2b0b6ce6aa3931c7ebfff5.jpg,276,166,356,358,Poor Posture
Frame2136_jpg.rf.a9b3f38eb2a053623ee037a1e111ac64.jpg,340,183,413,361,Poor Posture
Frame1940_jpg.rf.a6d7cee74739c9e55a8c1e71ee6f2509.jpg,335,144,423,333,Poor Posture
austin_Frame1281_jpg.rf.a9cbf4017b1854086f6d34fb202ce852.jpg,125,167,224,351,Poor Posture
Frame2318_jpg.rf.ab285ca8af94a0d977abb25f7020e9ca.jpg,92,180,169,356,Poor Posture
Frame3025_jpg.rf.ac2c8474ea0878d6ee5681a382493cbb.jpg,270,185,340,357,Poor Posture
ashlee_Frame2127_jpg.rf.ab5cf7c5d55ee53f423bdd3a04a9e0b4.jpg,230,157,341,331,Poor Posture
Frame2829_jpg.rf.aceeb7e56a2cccd381e5093b43fb1722.jpg,335,193,429,362,Poor Posture
austin_Frame1550_jpg.rf.ad08b900b94c1f752454c344a0a02f8b.jpg,296,167,379,352,Poor Posture
Frame2495_jpg.rf.ad0beea7cf31dcf0e83965aa323ee781.jpg,333,175,404,363,Poor Posture
Frame1984_jpg.rf.ad32c309dd46202e2702c891ebad0134.jpg,72,177,145,369,Poor Posture
austin_Frame974_jpg.rf.a8a8d9780cc6a245e5149a7c312b8c0f.jpg,81,187,204,351,Poor Posture
Frame2365_jpg.rf.a77cc776c25e50c98c4c484d33d1853d.jpg,319,183,389,359,Poor Posture
austin_Frame1056_jpg.rf.ab1bf086a0e368e45eb53bbc9061a825.jpg,42,185,150,347,Poor Posture
austin_Frame1429_jpg.rf.adc7d76a9c9d927a82b1a7a7de40dea3.jpg,291,165,376,351,Poor Posture
Frame3190_jpg.rf.add9336a9d3a6a4d3878ddf506189685.jpg,123,181,190,357,Poor Posture
Frame2518_jpg.rf.ab0c486e5d9ab07d7176138a831ccf4b.jpg,231,177,296,358,Poor Posture
Frame2514_jpg.rf.ae90eb2c07f59d4ef63211a7ee9bbace.jpg,246,176,314,359,Poor Posture
Frame3170_jpg.rf.aedf530ccc8971d89c9917993981e817.jpg,231,182,297,357,Poor Posture
austin_Frame931_jpg.rf.aee522dce9a2181b01e9dc1c96c2744f.jpg,289,190,389,351,Poor Posture
Frame1999_jpg.rf.aeeebfc077c19c3f9d387273fa42db5a.jpg,155,181,224,376,Poor Posture
Frame2314_jpg.rf.af62c05d1737991e58d22679cddc9193.jpg,78,183,154,360,Poor Posture
austin_Frame959_jpg.rf.af7b2474fe9bd8aa9c7c8c7d843d2994.jpg,155,185,294,351,Poor Posture
Frame2981_jpg.rf.aa4e00dcc85bb461e557ca118865a513.jpg,45,185,126,358,Poor Posture
austin_Frame1066_jpg.rf.af7d5f58f30da49bfa52f3d7dec48ad4.jpg,96,185,202,353,Poor Posture
Frame2111_jpg.rf.adfcb3d246ef2ae9125dab5860238619.jpg,266,154,378,330,Poor Posture
Frame2102_jpg.rf.ab2f2948fc784dac1376879de66444f3.jpg,292,150,404,331,Poor Posture
Frame1945_jpg.rf.b01d2da3f8470000619b9796ef9f4309.jpg,361,147,449,335,Poor Posture
ashlee_Frame1029_jpg.rf.b088c44abd784fbd4065526382ab4af0.jpg,130,170,209,353,Poor Posture
Frame2021_jpg.rf.b0a6b3b73cf8ebe9ba83081c94f744d9.jpg,273,185,341,357,Poor Posture
Frame2688_jpg.rf.ad5a3fe118b70173e25c1b72840fcb42.jpg,208,189,298,355,Poor Posture
austin_Frame1379_jpg.rf.b0ab5e33a69442530bba64182dad6676.jpg,33,165,119,350,Poor Posture
austin_Frame1072_jpg.rf.b0ebf61ac6f5b3edabe062decba5d833.jpg,132,189,236,349,Poor Posture
Frame3164_jpg.rf.b0f91350f3aae26272f055a7fcec4c28.jpg,262,179,327,360,Poor Posture
Frame2513_jpg.rf.b11e12a20d3b9cc89e786ee54689a4a7.jpg,252,178,316,361,Poor Posture
Frame3171_jpg.rf.b1c3c6bc1ab0a01474a0744beb395fd2.jpg,228,183,291,358,Poor Posture
ashlee_Frame1010_jpg.rf.b135f6ec43110f07794ef0aecb964334.jpg,18,173,92,347,Poor Posture
austin_Frame1552_jpg.rf.b1deee5ae8999634c50052b1adbafa28.jpg,286,167,369,351,Poor Posture
Frame2708_jpg.rf.b1e1ffd21ac0fc7df724ca0aa0e36dfe.jpg,309,191,396,359,Poor Posture
austin_Frame1110_jpg.rf.af1a90dcedd77a1f94be0583254854ee.jpg,313,188,419,350,Poor Posture
austin_Frame1067_jpg.rf.b23c3c85d409e6eb406ac0351cbc1a79.jpg,100,183,205,349,Poor Posture
Frame3182_jpg.rf.b2bed2c3464b265b211cd88456fb6593.jpg,164,178,229,357,Poor Posture
Frame1714_jpg.rf.aee491aea5ae868521ec5312f3a3ce20.jpg,245,148,324,327,Poor Posture
Frame2328_jpg.rf.b30ca8b8a75bb174fbf36a52f19acacc.jpg,142,185,210,356,Poor Posture
Frame2157_jpg.rf.b31236a2063ddc551ff095f40675dd9b.jpg,241,185,310,359,Poor Posture
Frame2131_jpg.rf.b3951c9e7cb1667828d5baa5d60b827f.jpg,365,185,441,360,Poor Posture
Frame2693_jpg.rf.b41b459afafd2cadefad63794b424691.jpg,230,191,321,354,Poor Posture
Frame2861_jpg.rf.b4475bc7a151d4ef20b18db93203d8fc.jpg,182,189,273,359,Poor Posture
Frame1996_jpg.rf.b4661dc9b5dbf3543d2ed84f8e1e6317.jpg,134,176,208,377,Poor Posture
Frame1934_jpg.rf.b4743adbbf39acf31c24845fecaaec59.jpg,309,145,386,331,Poor Posture
austin_Frame1282_jpg.rf.b48ebc71cba8562323f1c2e4d0b26f0a.jpg,122,165,221,350,Poor Posture
Frame1702_jpg.rf.b4b53e7ad606d5b65b0838d20bf755a1.jpg,318,145,390,331,Poor Posture
Frame2663_jpg.rf.b52cc545aaa2405f950342cb16eb8a4e.jpg,72,191,168,363,Poor Posture
Frame2482_jpg.rf.b54d52f6799b756481cc60d973355f08.jpg,380,176,451,362,Poor Posture
Frame2128_jpg.rf.b57153ebf9bd3626550d2005283586cf.jpg,376,183,452,361,Poor Posture
Frame2496_jpg.rf.b59f55b63e75aee356852bbbd0bd88fe.jpg,329,176,399,359,Poor Posture
ashlee_Frame1226_jpg.rf.b5a03a6cabab49076bb8f08c445f1d94.jpg,284,167,363,359,Poor Posture
Frame2162_jpg.rf.b5d7524279b44d4f521bb99a6a6e0024.jpg,217,183,287,359,Poor Posture
Frame2840_jpg.rf.b6015bd6a7d8024c99504d2517fed57d.jpg,281,189,374,359,Poor Posture
Frame2985_jpg.rf.b68f1a4bad349e1372d5a58ec4e5f941.jpg,62,184,146,355,Poor Posture
Frame1994_jpg.rf.b7673e3219a9f955771ba1bd08c2caa2.jpg,124,177,198,381,Poor Posture
Frame2867_jpg.rf.b7ab9ac94395973e9ac833a11c8c3799.jpg,156,188,243,358,Poor Posture
Frame1718_jpg.rf.b7bd04c72c44024f26a1db1fc81db50c.jpg,227,148,304,329,Poor Posture
austin_Frame1440_jpg.rf.b7e8258a7366595343be2ec9adab2d95.jpg,352,164,424,353,Poor Posture
Frame1467_jpg.rf.b821cc9dcaf4d9e95cdf663f6e16ae09.jpg,64,151,150,346,Poor Posture
Frame2017_jpg.rf.b877d8b096ce3129bf21d1f574c05929.jpg,250,183,320,357,Poor Posture
ashlee_Frame1260_jpg.rf.b2993bbc9dc631298ed486e72fe7c2ff.jpg,128,171,199,355,Poor Posture
austin_Frame1093_jpg.rf.b52436f9cc2a0b71a62b11e2a38294f7.jpg,230,185,336,349,Poor Posture
Frame2309_jpg.rf.b6a87a18ce169923439759cf2dc01537.jpg,50,186,128,362,Poor Posture
Frame3184_jpg.rf.b8d203044bb8a910b85819ef1274932f.jpg,154,178,219,357,Poor Posture
austin_Frame1405_jpg.rf.b8e42f4c9ec3c52386e7dfe9612557b3.jpg,169,169,258,347,Poor Posture
austin_Frame1071_jpg.rf.b900868fdb58f77b5cc03d470f11560f.jpg,131,187,233,351,Poor Posture
Frame2707_jpg.rf.b946e06e725cf2e51d47860725e9fec3.jpg,303,191,392,360,Poor Posture
Frame1495_jpg.rf.b7ff6aebec5d3ee7df6f2d482405c5da.jpg,225,147,304,321,Poor Posture
Frame2019_jpg.rf.b587c5fce460a166dce4d3ee8b84be45.jpg,257,183,330,358,Poor Posture
Frame2325_jpg.rf.b974f9b8f567e675f00264c8e835deb7.jpg,124,182,202,357,Poor Posture
Frame2515_jpg.rf.b9a30f5380728103d328ae88e96ff117.jpg,242,179,309,358,Poor Posture
Frame2998_jpg.rf.b9be20be7a3db44bb42091218fe40187.jpg,126,185,207,355,Poor Posture
ashlee_Frame1217_jpg.rf.b87952788a85c2f0e128f3805dae611d.jpg,320,167,399,357,Poor Posture
Frame2356_jpg.rf.b59efc4843c9618370a492bc1699e8f9.jpg,281,184,348,358,Poor Posture
Frame1707_jpg.rf.b9d2b53d7324701ecd634fe1664fc123.jpg,286,142,364,327,Poor Posture
Frame2683_jpg.rf.b9d6569e5088ad6da1c94b2d0573bde4.jpg,183,191,273,354,Poor Posture
Frame1263_jpg.rf.ba5a128cf3d4f536c93847b893acf24e.jpg,290,142,365,333,Poor Posture
ashlee_Frame1962_jpg.rf.ba6792c624d834d2a1140d8b8d558c4f.jpg,241,178,316,357,Poor Posture
Frame3201_jpg.rf.b89df3a544d91b807d35203c08c8cd2c.jpg,70,180,141,352,Poor Posture
Frame2008_jpg.rf.bad1f41d9d6fd1e172f8edaad3131e82.jpg,207,181,278,357,Poor Posture
austin_Frame1555_jpg.rf.bad5a4d7c62505496e121f90909b46ea.jpg,273,167,356,353,Poor Posture
ashlee_Frame1952_jpg.rf.b94062e489db7f4bc0b148ab6a7f7181.jpg,191,181,270,357,Poor Posture
Frame1497_jpg.rf.b95895eb066e75ad3035fb35e8394212.jpg,232,148,316,319,Poor Posture
Frame2112_jpg.rf.b8876721ee697407c38d65a508fdfe17.jpg,259,151,370,332,Poor Posture
austin_Frame1554_jpg.rf.b971582d9ff70a1404eb386e2a52ff52.jpg,276,167,361,351,Poor Posture
Frame3005_jpg.rf.b75aa93563b936e35049d4acdffe67d5.jpg,158,185,238,358,Poor Posture
ashlee_Frame1955_jpg.rf.bbda3898917a8fdf6744c7c817840430.jpg,213,179,285,357,Poor Posture
austin_Frame1291_jpg.rf.bc6d85e7bcce7750c2bf62ce106beb5a.jpg,75,174,169,347,Poor Posture
austin_Frame1432_jpg.rf.bc8a5f385111bb6c379ce582939197ab.jpg,309,168,391,352,Poor Posture
ashlee_Frame1975_jpg.rf.bb1bf2bd86d5d9c4a1da1e531b68059a.jpg,316,178,392,357,Poor Posture
ashlee_Frame2090_jpg.rf.bc9f33f3e9bac315854a1554dd8d33ff.jpg,358,175,445,361,Poor Posture
Frame2358_jpg.rf.bbcb7b75908d0c2c7bf4c94a93c98d99.jpg,293,185,358,359,Poor Posture
Frame2376_jpg.rf.bcd1182b4fd42e0242514a2c56f1690d.jpg,367,188,440,361,Poor Posture
ashlee_Frame2115_jpg.rf.bd3737b17e8c5eac00145a489e393ca9.jpg,243,183,313,357,Poor Posture
Frame2310_jpg.rf.bd4f0a37d4c3838973b04efc71b73a85.jpg,56,183,132,368,Poor Posture
ashlee_Frame1050_jpg.rf.bd73c6c6a57f2c2f4d4565bde767b0ce.jpg,215,169,286,355,Poor Posture
austin_Frame1061_jpg.rf.bb2179cda26ebeb9f057957e1f90df37.jpg,75,181,180,347,Poor Posture
austin_Frame1111_jpg.rf.bbedcb0c542c6744eb5eb195c2c7aec2.jpg,319,188,423,351,Poor Posture
Frame2181_jpg.rf.bb05a7c5b0738b6949d05920f8071cab.jpg,119,181,185,355,Poor Posture
austin_Frame939_jpg.rf.bb632a89c45867bc0d555bcd5fb5cafa.jpg,251,182,355,351,Poor Posture
austin_Frame1107_jpg.rf.bdc2c094ad0138d8b21be939be548258.jpg,293,189,404,351,Poor Posture
austin_Frame1095_jpg.rf.be256896fc31223d1a839ee8cc838a44.jpg,235,185,344,351,Poor Posture
austin_Frame1085_jpg.rf.be2cb2466ab55632f415876a9b7ad068.jpg,188,189,301,350,Poor Posture
austin_Frame1268_jpg.rf.bc6f153d20b96d14fd666871bc7c411d.jpg,198,173,285,349,Poor Posture
Frame1990_jpg.rf.bc0d9e327b5eaca6329daa9fdc5b1d0f.jpg,107,175,176,383,Poor Posture
Frame2700_jpg.rf.be46839f75e803cff981178ff8af8923.jpg,266,192,353,355,Poor Posture
austin_Frame1081_jpg.rf.be5eabe2c73e6521d5dd94c7f45bef77.jpg,173,187,279,349,Poor Posture
austin_Frame1387_jpg.rf.ffeb3205a4969b0c78d68c28ea7ed6f3.jpg,64,164,155,349,Poor Posture
