Frame1008_jpg.rf.c3240cce2ff8bdbc44b2aab0b41fcb55.jpg,166,177,230,359,Good Posture
ashlee_Frame242_jpg.rf.c3696820c4c8f9bb56b8b03f7f4869e2.jpg,286,149,363,333,Good Posture
ashlee_Frame590_jpg.rf.c04d66b6e69609c5cabbc5e5492e604c.jpg,163,171,229,354,Good Posture
austin_Frame1855_jpg.rf.c0519fb37ab2f21b528b919d87db557b.jpg,210,178,280,359,Good Posture
Frame1561_jpg.rf.c2571e54a48cd1efede67bb95bdf3c32.jpg,294,182,359,361,Good Posture
Frame1398_jpg.rf.c382654db408883da818ac9721a10932.jpg,219,177,287,359,Good Posture
Frame1567_jpg.rf.c316a346ca41dac9b0886ff4f213a84b.jpg,260,179,326,360,Good Posture
austin_Frame745_jpg.rf.c061dc41d9a695cc53ad9e4944b2ec85.jpg,44,149,133,349,Good Posture
ashlee_Frame453_jpg.rf.c37a6c309849b17a7838fadd198285cd.jpg,13,166,96,356,Good Posture
austin_Frame1837_jpg.rf.c48c4881dbab8490bd5c7f00eb1ef6d7.jpg,305,179,375,359,Good Posture
Frame358_jpg.rf.c2bda642c25875eb9c9cdc51290f3a3d.jpg,154,179,220,358,Good Posture
Frame1033_jpg.rf.c517a3eda702faccb810f9fc1a2b1c77.jpg,286,173,352,360,Good Posture
Frame354_jpg.rf.c4a9b2debd7b0d5fa251f53561ea2c3e.jpg,129,178,199,358,Good Posture
Frame359_jpg.rf.c4e6cd0fc85fd61f1a8f8973982ee0ab.jpg,160,180,225,358,Good Posture
Frame1223_jpg.rf.c5c4450044a3304453f5f80819f19cbc.jpg,144,179,208,359,Good Posture
ashlee_Frame586_jpg.rf.c2e3afd035474ad7a48ffdb8ae432b88.jpg,155,166,213,355,Good Posture
Frame1392_jpg.rf.c1e8fb87e4d349899dd849a448962312.jpg,200,176,268,364,Good Posture
ashlee_Frame579_jpg.rf.c363e0400521693762fe1b5ac663e8f7.jpg,127,175,188,353,Good Posture
ashlee_Frame756_jpg.rf.c3ea37317127128d98f9f393d2876102.jpg,92,143,163,331,Good Posture
austin_Frame643_jpg.rf.c5e0f0af9cf07479d507c848752a5778.jpg,151,172,225,353,Good Posture
Frame710_jpg.rf.c5f9a8b8c6b6ec3a95fcfb04ebb2cf2d.jpg,220,179,295,358,Good Posture
ashlee_Frame572_jpg.rf.c45a284258646823477f989673874745.jpg,90,163,156,356,Good Posture
ashlee_Frame722_jpg.rf.c4ec9e2cce11344123d545e3a6e2a15b.jpg,270,148,337,334,Good Posture
Frame373_jpg.rf.c45f40442ba284d70c6e40fefe27c1b4.jpg,232,175,292,359,Good Posture
Frame538_jpg.rf.c481ffb7d44fb3194b227117395e3319.jpg,298,180,359,361,Good Posture
Frame887_jpg.rf.c65d0da0cde97ac7e458be1e31716597.jpg,138,182,213,358,Good Posture
ashlee_Frame478_jpg.rf.c66ddb099ee037967db31ab64f19aad7.jpg,145,147,211,332,Good Posture
austin_Frame661_jpg.rf.c62aabfee81895ab9612de9691c33023.jpg,43,164,121,345,Good Posture
Frame1229_jpg.rf.c673491798dbb95fb44a2d01ebde649c.jpg,100,175,168,359,Good Posture
Frame1417_jpg.rf.c709847116e2840a7e60f5a44c985ad4.jpg,300,179,374,359,Good Posture
Frame686_jpg.rf.c725d6ad9fbf042605aa04579ae7d212.jpg,110,179,194,359,Good Posture
Frame1582_jpg.rf.c69f0f7634a19e53a879ef6f543812f7.jpg,148,182,210,358,Good Posture
austin_Frame628_jpg.rf.c7fe010bd80dc979a7fa695123f59775.jpg,240,167,311,351,Good Posture
austin_Frame428_jpg.rf.c73baaad343e72590510cf6c6d2044d5.jpg,163,165,237,349,Good Posture
Frame1048_jpg.rf.c6bc3d6dddc5ac4ecfb9523e59b64ed2.jpg,345,176,412,359,Good Posture
austin_Frame1862_jpg.rf.c84ce09ae68bd977a8ba0f54a8868bfe.jpg,182,177,247,359,Good Posture
austin_Frame623_jpg.rf.c67d50820591b740e465c5b5cabfb035.jpg,272,165,340,353,Good Posture
Frame368_jpg.rf.c7496114829a5c51d2c06e6580f07449.jpg,209,175,269,361,Good Posture
ashlee_Frame585_jpg.rf.c942e7ff4b1bbad51848f100225a13d6.jpg,150,174,211,357,Good Posture
austin_Frame456_jpg.rf.caa6da7961220fc6fc2fc5d2eea4d807.jpg,333,171,397,352,Good Posture
austin_Frame275_jpg.rf.c819914f9b38099eff594800a1e95eb0.jpg,109,157,200,351,Good Posture
ashlee_Frame517_jpg.rf.c945f3cc54b9ad00f088989d88a485c1.jpg,356,151,426,333,Good Posture
ashlee_Frame414_jpg.rf.cac39fb3d09efe68d94331818494655e.jpg,164,161,242,357,Good Posture
ashlee_Frame860_jpg.rf.ca36a2d9ae24d73523c18afd972de0eb.jpg,150,165,229,357,Good Posture
ashlee_Frame380_jpg.rf.c83ea8259e03ecc119f830f41c351d51.jpg,299,168,370,359,Good Posture
Frame406_jpg.rf.c9dadfa181846962d5378596acd02229.jpg,377,179,448,361,Good Posture
austin_Frame253_jpg.rf.c95b7bddb28500e89700c9e9de49d9b5.jpg,246,162,333,351,Good Posture
Frame1023_jpg.rf.caf326777269e6ee8bf9a1aee6927824.jpg,235,176,298,359,Good Posture
Frame1556_jpg.rf.ca31d7653b9d530c7e23c83986223264.jpg,334,181,406,361,Good Posture
Frame688_jpg.rf.cb237cfb578fcefc2ea996c8217c4245.jpg,115,183,195,360,Good Posture
ashlee_Frame53_jpg.rf.cb049f47c8c4ebf3c101af287466e3f4.jpg,152,173,212,357,Good Posture
austin_Frame757_jpg.rf.cb91eca8d85b641f8fa44c81e79e2fe0.jpg,112,164,205,351,Good Posture
Frame1585_jpg.rf.cbb5333b173c1972219632f6851abe4d.jpg,111,179,177,359,Good Posture
ashlee_Frame934_jpg.rf.cc9e4aae269d8ab9499a4598865bce2a.jpg,210,143,277,333,Good Posture
Frame345_jpg.rf.cd8edfa82b7d97240efd0672aa830729.jpg,81,179,162,360,Good Posture
ashlee_Frame423_jpg.rf.cc9f800a6968b7fe67f0fb23ad5542ad.jpg,136,169,197,353,Good Posture
ashlee_Frame749_jpg.rf.cdd6af111aae655d7da8ab9737446e93.jpg,125,145,191,331,Good Posture
Frame1397_jpg.rf.cdb3209cee71299b5bb81795123f5ead.jpg,217,177,284,360,Good Posture
Frame548_jpg.rf.cdf164b606002f880e2338e7092d6ca4.jpg,259,179,321,359,Good Posture
ashlee_Frame948_jpg.rf.cb48a46632b4a735b833941bd4632fdb.jpg,278,151,353,333,Good Posture
Frame185_jpg.rf.cc89105a7c70d3807d253f291bbe28d4.jpg,288,176,356,360,Good Posture
austin_Frame418_jpg.rf.ce5b90105559a32b4f4a0d753ed2b360.jpg,114,171,184,347,Good Posture
austin_Frame626_jpg.rf.cf2ffae381e256726cad60dcedad795a.jpg,251,165,323,351,Good Posture
ashlee_Frame635_jpg.rf.cf32c7690f35e6652e782950d54cec68.jpg,352,175,409,357,Good Posture
austin_Frame266_jpg.rf.d039e3e6717f5918fdb1720af7400d04.jpg,162,159,252,353,Good Posture
ashlee_Frame443_jpg.rf.cf92bf0a082190853819d8973257573e.jpg,68,169,145,353,Good Posture
Frame180_jpg.rf.cef1de3e13e7f8c7abf7a739c9933d38.jpg,312,175,375,359,Good Posture
Frame894_jpg.rf.cff59ab2fae0f090f7ee867f9ba997f2.jpg,117,186,184,359,Good Posture
ashlee_Frame425_jpg.rf.ce397857ccae7210be18643fb762dbff.jpg,130,169,191,355,Good Posture
ashlee_Frame574_jpg.rf.d05c6a6b1ffe7bc7e7e17599e0b520e1.jpg,100,169,167,353,Good Posture
Frame183_jpg.rf.ce9b63f1f11d70a45ea73124806f03e8.jpg,300,176,365,359,Good Posture
Frame542_jpg.rf.d11ea7f242f1e31daba071526c16d750.jpg,276,179,335,360,Good Posture
Frame855_jpg.rf.d1a76d22a19d95a24aa67e44622c005c.jpg,262,178,331,361,Good Posture
ashlee_Frame742_jpg.rf.cf7eb110863e67a75eb7ac5b7418eb52.jpg,160,146,227,332,Good Posture
Frame1232_jpg.rf.d299b7ee8488ad57e19774a343b3f392.jpg,86,175,159,356,Good Posture
Frame733_jpg.rf.d2d1961f8da6f508530efd59defee643.jpg,341,177,406,363,Good Posture
ashlee_Frame565_jpg.rf.d285fa0756d7b1d6afa6ff18960e0526.jpg,52,162,130,354,Good Posture
ashlee_Frame706_jpg.rf.d0e2b884c447e98e39e15027de3a6697.jpg,358,145,423,335,Good Posture
austin_Frame252_jpg.rf.d36a84763325e787ea60883e3de89d23.jpg,252,162,336,352,Good Posture
Frame377_jpg.rf.d0d2ca766e64881abf66e46eac836ddf.jpg,244,177,308,358,Good Posture
Frame528_jpg.rf.d342714c42c041e4d858af4c887b0788.jpg,334,177,401,362,Good Posture
Frame190_jpg.rf.d3c9d13e16b9a6e8e9ec61b5bdd8a60c.jpg,262,181,326,359,Good Posture
Frame876_jpg.rf.d3ecab5d4f1308c986e67de6b70a1c88.jpg,176,185,255,361,Good Posture
ashlee_Frame418_jpg.rf.d45380b4d7f3a66d03d701680c162531.jpg,153,165,225,356,Good Posture
austin_Frame790_jpg.rf.d4ae98caf53c0ef0f62bdbc5d9b603ab.jpg,300,162,375,352,Good Posture
Frame885_jpg.rf.d4361353164a2ee0fa5b7916c358e352.jpg,146,185,217,360,Good Posture
ashlee_Frame945_jpg.rf.d2da044ceaade3fba54a269e030e348a.jpg,257,148,333,331,Good Posture
austin_Frame1851_jpg.rf.d60400d6d370f0b88a63d849a48c24f4.jpg,229,179,295,359,Good Posture
ashlee_Frame628_jpg.rf.d40ab9ef557a6d3bcfe3969cac957cec.jpg,312,175,378,356,Good Posture
ashlee_Frame952_jpg.rf.d5815072d5ca844c298cede782c69b10.jpg,304,149,370,333,Good Posture
austin_Frame781_jpg.rf.d51f5834033fb8d6fffe0caffbc9c183.jpg,253,160,329,353,Good Posture
austin_Frame459_jpg.rf.d7e62eff8642e3f6e2b1a0daeec0436e.jpg,352,162,413,352,Good Posture
Frame1196_jpg.rf.d8093f21110542a089de4ac8dee4447a.jpg,285,180,348,361,Good Posture
austin_Frame753_jpg.rf.d368c36eb1a25f57f2a561431386ca2f.jpg,84,169,172,349,Good Posture
Frame705_jpg.rf.d4b28d0c4dff6ff627fdf3cf9ca0dba3.jpg,192,178,271,360,Good Posture
ashlee_Frame82_jpg.rf.d98e700b041c54e07463812e6b39a6bc.jpg,284,170,359,357,Good Posture
Frame355_jpg.rf.d89f103120ef1a80ef306511d793bdbf.jpg,135,179,205,361,Good Posture
Frame576_jpg.rf.d8f547a39b8e12aa00b5ad38ab5f14b6.jpg,148,176,212,359,Good Posture
Frame388_jpg.rf.da4523aefdf728871da71ffd2a351e44.jpg,301,177,368,360,Good Posture
Frame193_jpg.rf.da4a05c76d122ba55c78d02824c439ab.jpg,241,177,303,359,Good Posture
Frame1554_jpg.rf.d6e7e1b9a8a752d4179862fd4c8c4422.jpg,346,180,417,361,Good Posture
ashlee_Frame489_jpg.rf.d48857df38102ab5f4ddc1ea65c2edde.jpg,200,141,274,333,Good Posture
Frame882_jpg.rf.d671843d2193705237dddf44d48d6bfd.jpg,156,183,230,361,Good Posture
Frame1210_jpg.rf.d9c822b2d960b4f1887985569f117798.jpg,209,176,271,359,Good Posture
austin_Frame283_jpg.rf.d9eb3bf07c5751866820e474b796ab7d.jpg,69,163,148,347,Good Posture
Frame351_jpg.rf.da7bd0c5a668d04ee0b0fdd92c79c3c8.jpg,112,176,185,357,Good Posture
ashlee_Frame826_jpg.rf.da6f191d468e67e8cd688d6b87d3eef8.jpg,300,168,369,359,Good Posture
austin_Frame270_jpg.rf.da5b77206d3f433deff4b8a20f36d67e.jpg,140,157,232,351,Good Posture
Frame869_jpg.rf.d85144876e21bdc21dc7163c273f4ca9.jpg,212,186,283,360,Good Posture
Frame716_jpg.rf.d75e4b528dd32a751497ef831f7f0a48.jpg,246,181,321,360,Good Posture
Frame1193_jpg.rf.dc8d8461b5cd6732407a078ec751f563.jpg,298,179,361,361,Good Posture
austin_Frame249_jpg.rf.dbfd82e81c33980b8c93bf5ac708c559.jpg,275,162,361,353,Good Posture
Frame550_jpg.rf.dbf88e36f3cab322507278fd0da7ca89.jpg,252,177,315,361,Good Posture
ashlee_Frame233_jpg.rf.dbe40a13f8c534180df543705e87dcad.jpg,336,145,405,333,Good Posture
Frame1037_jpg.rf.dbb085a1cfc227036706607f65c575c9.jpg,305,174,373,359,Good Posture
ashlee_Frame743_jpg.rf.dc27356e16e7412117dc3ed8bd205336.jpg,150,145,215,332,Good Posture
austin_Frame636_jpg.rf.d74db83e767b2615f10dde27de9831ed.jpg,195,170,271,351,Good Posture
Frame215_jpg.rf.d739f8fbd0904474e39e4d14880d71a1.jpg,138,181,202,356,Good Posture
austin_Frame241_jpg.rf.dcc79676419121fa08dbadc81481f557.jpg,319,168,403,354,Good Posture
Frame364_jpg.rf.de20839aaa3ccefd5dfc5685d90e7461.jpg,192,178,253,359,Good Posture
Frame863_jpg.rf.ddbf61f5533669b4035f00f70424d09e.jpg,238,178,303,361,Good Posture
austin_Frame663_jpg.rf.de25b703bf27c460f1722d4e2631c8a2.jpg,24,163,104,351,Good Posture
Frame899_jpg.rf.dbb5f9f38db3d195f64469288afaae03.jpg,95,189,166,359,Good Posture
austin_Frame1828_jpg.rf.de289a59d2fe6b3faab285ea817417e1.jpg,343,179,412,361,Good Posture
austin_Frame440_jpg.rf.dd02343e033d9048eef6aff25c27c447.jpg,248,167,307,352,Good Posture
ashlee_Frame708_jpg.rf.dfe6d163659f28577356d87d4592c636.jpg,347,146,415,333,Good Posture
ashlee_Frame717_jpg.rf.dfd5f1ce6a68fadd64f1ad49e56cdfb1.jpg,301,149,372,332,Good Posture
ashlee_Frame916_jpg.rf.e08e99a0ed390fbaf784543ec07478ec.jpg,104,147,180,333,Good Posture
ashlee_Frame503_jpg.rf.e07ba4f88ae020d977cf7579e80312c4.jpg,281,146,347,332,Good Posture
austin_Frame243_jpg.rf.e22bb2757c255631f2fdb38e479e3a40.jpg,308,165,391,354,Good Posture
Frame556_jpg.rf.e253794cac580f896b8687df20fa0b6e.jpg,231,179,294,359,Good Posture
austin_Frame288_jpg.rf.e011acb563e889e36a7760138a09ed39.jpg,40,157,121,349,Good Posture
Frame1434_jpg.rf.e29a50e80a7f5af5762495755d84f852.jpg,392,176,458,364,Good Posture
Frame1211_jpg.rf.e248fdc860721102fca41a56c5e04f31.jpg,206,178,267,360,Good Posture
Frame826_jpg.rf.e29e1cb36e71a6b95f4ed0d34fbf46b2.jpg,384,179,451,363,Good Posture
Frame1576_jpg.rf.e25f3705db829b0209ba3577f4d04c0e.jpg,189,185,255,359,Good Posture
ashlee_Frame235_jpg.rf.e2b7ec3a629c0b7ca54852826f358b2a.jpg,326,146,396,333,Good Posture
austin_Frame254_jpg.rf.e0f313d73c8e3381c10d9e7184acb799.jpg,244,161,326,352,Good Posture
ashlee_Frame385_jpg.rf.deb7f69d5280ed672bb67af2755e69be.jpg,276,164,353,357,Good Posture
Frame549_jpg.rf.de9afb926cdd145881cd9c46477ccb76.jpg,257,177,318,361,Good Posture
austin_Frame744_jpg.rf.e0511dcc2e471e7014eaa844f3f62489.jpg,35,162,124,347,Good Posture
Frame1001_jpg.rf.e194e3e87f0bd31b9183c3d71a4d93b7.jpg,124,175,198,360,Good Posture
Frame715_jpg.rf.e048eb0ec00b2daeca357b9147137d2c.jpg,244,181,315,360,Good Posture
Frame212_jpg.rf.e4fd3a54e6c637f0971475e510de8d19.jpg,151,181,216,357,Good Posture
ashlee_Frame376_jpg.rf.e3d50e4765d5cca59d1acec7877b9a87.jpg,316,166,383,357,Good Posture
Frame864_jpg.rf.e42e048c32f2d7317d452ce4e8266e71.jpg,228,180,297,360,Good Posture
Frame707_jpg.rf.e54921c618e70d8b6125ae7b0c21189b.jpg,200,179,281,360,Good Posture
Frame587_jpg.rf.e516f988cb284aeb2ae6d8c5dfaa5473.jpg,105,183,173,359,Good Posture
ashlee_Frame452_jpg.rf.e37e03f45715aee4292e0481ab177849.jpg,22,168,101,355,Good Posture
Frame989_jpg.rf.e1bb7bf83a39d646b3b0decc5bb0bc85.jpg,72,175,149,359,Good Posture
ashlee_Frame954_jpg.rf.e4b507d2f9c4c6eae3549796c201ceb1.jpg,308,148,381,334,Good Posture
ashlee_Frame49_jpg.rf.e57168b33adffe264162863684ea8893.jpg,134,174,196,355,Good Posture
Frame581_jpg.rf.e44ddb319c670c13d4f030b32efdaa6c.jpg,128,181,191,359,Good Posture
Frame1362_jpg.rf.e2b7131d72d656eccf00bc68b1377b78.jpg,81,183,150,360,Good Posture
Frame1418_jpg.rf.e50525493cb34bf449cef422adec5e92.jpg,307,179,379,361,Good Posture
Frame530_jpg.rf.e5aa269324662df8707dedea5dbdfaf7.jpg,332,177,398,362,Good Posture
Frame1172_jpg.rf.e5f107149b9b0cd3afb3434216725366.jpg,393,179,455,363,Good Posture
ashlee_Frame506_jpg.rf.e59e527d6f64bacf0dd8ba779e127636.jpg,299,147,368,334,Good Posture
Frame511_jpg.rf.e63b95230107198b9181a3e13f47d018.jpg,392,179,456,363,Good Posture
Frame682_jpg.rf.e785b0758f46b4a2d68215f821bd3339.jpg,97,181,181,359,Good Posture
Frame1186_jpg.rf.e87e77a73773520e27498741ea10c963.jpg,330,185,394,360,Good Posture
Frame1015_jpg.rf.e6536ade79a18315e726a6d10d7df475.jpg,200,175,266,360,Good Posture
ashlee_Frame226_jpg.rf.e9395131a4c72b70574aa6a533ac1a1f.jpg,376,146,443,333,Good Posture
austin_Frame622_jpg.rf.e7eb58dd4b298aeced2f0a3a8a02e1a0.jpg,280,161,347,351,Good Posture
ashlee_Frame846_jpg.rf.e9618a3e3d8d75b75b2dbd641bc91e3f.jpg,211,163,278,357,Good Posture
Frame831_jpg.rf.e9478d3c976e546e47b5f2931a0e897a.jpg,358,175,428,363,Good Posture
austin_Frame749_jpg.rf.e9a69b35444ea0384495fbd94f4b74a8.jpg,62,167,153,347,Good Posture
ashlee_Frame563_jpg.rf.e9d012431c1626a34bd6cefa0cb4c27d.jpg,51,163,123,355,Good Posture
austin_Frame260_jpg.rf.e9025410e5c0e3c5ec0804ea0ad91e64.jpg,210,165,289,351,Good Posture
Frame1370_jpg.rf.e7bb304fe27270b785a841d0f87a2e1e.jpg,106,183,178,357,Good Posture
Frame1207_jpg.rf.e6a2471db6b309511bf62d9a6ae800dd.jpg,226,180,287,359,Good Posture
ashlee_Frame80_jpg.rf.e8c9c7957b18496cbb43d795c82f4b64.jpg,275,169,347,357,Good Posture
austin_Frame271_jpg.rf.e9e4a9eb0418a900ca0afc415025982a.jpg,130,156,224,351,Good Posture
Frame1175_jpg.rf.ea1d2f40e6cc2bebafc18ca1903f1103.jpg,383,181,449,361,Good Posture
Frame186_jpg.rf.eaccf8092cca816ebb680f9d37c64353.jpg,286,177,350,361,Good Posture
Frame880_jpg.rf.eaeac2ebb591b365f0b65ce332eeb8e7.jpg,160,185,243,362,Good Posture
ashlee_Frame240_jpg.rf.ea5d48baf8053838e8f24888ed2fcc6e.jpg,296,147,373,334,Good Posture
Frame1403_jpg.rf.eb2c0a2c8f66bd0a0d18f20339b83faf.jpg,247,181,308,359,Good Posture
ashlee_Frame887_jpg.rf.ebad33088c0fc2c926f50226b33191c7.jpg,41,165,114,352,Good Posture
ashlee_Frame437_jpg.rf.eb85788b2106303d85ea1c1684b67159.jpg,84,171,158,355,Good Posture
ashlee_Frame946_jpg.rf.ea0c1da556777c19cf03e70a320db4cc.jpg,271,151,341,333,Good Posture
ashlee_Frame498_jpg.rf.e819f2a1f807605fff1c3c0015724011.jpg,253,148,319,331,Good Posture
Frame1562_jpg.rf.ead59f21714391f91047db5218bf55bf.jpg,285,182,351,361,Good Posture
ashlee_Frame842_jpg.rf.eb13dc155a225c8b1e9ca5d17696bcfc.jpg,227,167,298,357,Good Posture
Frame900_jpg.rf.ec2c947be9b53735f098d58b9cfadc06.jpg,88,184,157,360,Good Posture
Frame526_jpg.rf.ec3218b9eeff975ea5ea185443ab7aea.jpg,345,177,410,362,Good Posture
ashlee_Frame735_jpg.rf.ead717b303abf6cb5561d99f9fe28123.jpg,200,145,274,332,Good Posture
austin_Frame244_jpg.rf.ebbcb7b349a9953be5b40935d99532e3.jpg,300,166,383,353,Good Posture
austin_Frame612_jpg.rf.ecc2d1566f2f34d24ad22a9e2b57fba0.jpg,330,162,402,354,Good Posture
Frame842_jpg.rf.ecf6af31e672de834b752eedebfda0b8.jpg,317,173,389,361,Good Posture
Frame201_jpg.rf.ecf51d7c6e0a02ceeb349b7ab97bf5b8.jpg,207,177,266,359,Good Posture
ashlee_Frame554_jpg.rf.ee1e4e42c40f7f59f8ad8f23b728aadc.jpg,21,161,96,354,Good Posture
ashlee_Frame633_jpg.rf.ed41f431912394ded133d9713c4eea65.jpg,346,175,401,356,Good Posture
ashlee_Frame737_jpg.rf.ec29835c1db9dcd5d965af44157bd14a.jpg,184,144,265,333,Good Posture
Frame1555_jpg.rf.ec27953ba341f071ae2d0df6e899ad43.jpg,340,181,411,362,Good Posture
Frame560_jpg.rf.eba7418dbad0e415f1aa8eee401e3984.jpg,216,181,282,359,Good Posture
Frame1425_jpg.rf.ed8367f719835c101db9ef41cf1062c1.jpg,341,183,410,362,Good Posture
Frame376_jpg.rf.ed7e43e1a2aebb112caab2192bb8ffa9.jpg,240,177,300,357,Good Posture
ashlee_Frame912_jpg.rf.ed817d2f6b62d3143076b991babef857.jpg,87,147,153,332,Good Posture
Frame850_jpg.rf.ee2e733f55b74a1f227508a48f20de9f.jpg,283,178,352,361,Good Posture
Frame1394_jpg.rf.ef0f1f78f773fd9c7982701ebcd74cdf.jpg,207,177,276,363,Good Posture
Frame1181_jpg.rf.ee3bec3c43c569859809abcf0b224ce3.jpg,357,185,422,362,Good Posture
ashlee_Frame485_jpg.rf.ef48ef18d3137e9db5c09f71d2eca977.jpg,185,143,255,335,Good Posture
austin_Frame639_jpg.rf.ec7c88de3cbb9be52dc2c4491b0ef3b4.jpg,178,171,252,352,Good Posture
austin_Frame276_jpg.rf.f0cbf91c149ca986f24915d83cc95073.jpg,113,161,196,353,Good Posture
Frame1577_jpg.rf.ee9f801887fb79ad7a7bf3192d8e4759.jpg,182,186,247,359,Good Posture
ashlee_Frame967_jpg.rf.ef37b59f19472474f45ed0f23568d624.jpg,372,151,449,335,Good Posture
ashlee_Frame268_jpg.rf.f117b6c0ba91257a4b95e7d55939d495.jpg,158,149,229,332,Good Posture
austin_Frame274_jpg.rf.f19d1b5a4609e7832438429271050900.jpg,113,155,210,351,Good Posture
ashlee_Frame610_jpg.rf.f0b037cfc569e4012ad586f7e9b65d8e.jpg,246,179,305,355,Good Posture
austin_Frame787_jpg.rf.f0696dfe2ba03ed708f6fd4cef4bb557.jpg,281,157,357,355,Good Posture
austin_Frame1819_jpg.rf.eda53f5b68291d67ae55c73a16c1aa20.jpg,381,180,456,361,Good Posture
Frame1199_jpg.rf.f3269c84c85af0a6ac9b30379e78a98a.jpg,270,179,336,361,Good Posture
Frame689_jpg.rf.f366c544aae7e563c03e136ca0f1302d.jpg,122,182,197,360,Good Posture
ashlee_Frame476_jpg.rf.f1e5b4bb1bdff9ec38417eb9cbcd3459.jpg,135,148,199,333,Good Posture
Frame1412_jpg.rf.f18ff6aa7f2383a87ae994d23e5dc60a.jpg,287,178,348,361,Good Posture
Frame1049_jpg.rf.f30e90bfea4d2d85aa5f4d18a99aed47.jpg,349,175,416,360,Good Posture
austin_Frame632_jpg.rf.eefe8bb95cc0402f091581a7d42d3781.jpg,220,169,291,352,Good Posture
austin_Frame434_jpg.rf.ef6b8be10d600a40b6cbc700623c2079.jpg,200,173,271,353,Good Posture
Frame217_jpg.rf.f46abb2637457e6dc53b794b6b3c3dcb.jpg,119,179,188,357,Good Posture
ashlee_Frame839_jpg.rf.f3b824bfc524c188aae0da7360d3ebdd.jpg,246,171,316,356,Good Posture
austin_Frame788_jpg.rf.f3a05d771724a0849afd0986a9c92f04.jpg,290,160,364,353,Good Posture
Frame365_jpg.rf.f021619d64ec9b014369ec539d03a618.jpg,195,177,257,363,Good Posture
austin_Frame246_jpg.rf.f4e5856ec29f27bc7f732f17eb1d3d12.jpg,287,165,371,352,Good Posture
Frame1375_jpg.rf.f3bc7c209ad9cce9c717ed2676c379dd.jpg,124,182,195,357,Good Posture
Frame1203_jpg.rf.f28adbb1b668af6cad4869b83880a247.jpg,250,182,313,361,Good Posture
Frame883_jpg.rf.ef657330e5acf86bf712fdcf515c8320.jpg,153,184,225,361,Good Posture
austin_Frame758_jpg.rf.f57caf1cd94644a4ccb22283ae125d7e.jpg,114,164,213,351,Good Posture
austin_Frame416_jpg.rf.f64363d7a04e2d82556aa303e1931c5e.jpg,94,173,162,350,Good Posture
Frame1359_jpg.rf.f56fc5e038cdba6c0b34e533c92e5cce.jpg,66,183,138,360,Good Posture
Frame1579_jpg.rf.f2990794c06a55605439d3f07b722112.jpg,172,183,237,359,Good Posture
austin_Frame1822_jpg.rf.efa32da146068cbb97821e79fb92b406.jpg,366,181,439,361,Good Posture
ashlee_Frame96_jpg.rf.f679d503c8f8ac7c0642e8bbc04b2901.jpg,355,169,419,359,Good Posture
austin_Frame427_jpg.rf.f712781aa1550434186caccbbb389169.jpg,156,168,229,349,Good Posture
Frame854_jpg.rf.f7d0c984a206a83e1c17c1220b8bc8ba.jpg,267,179,331,359,Good Posture
Frame851_jpg.rf.f6eb792ef80ec65fdb6c4625984d5ab0.jpg,278,179,344,359,Good Posture
ashlee_Frame927_jpg.rf.f40ceb1ba3c12707a929381481b20ce1.jpg,164,152,231,333,Good Posture
Frame362_jpg.rf.f85435e3b3c1f4ab564ce381e6e24791.jpg,180,178,245,361,Good Posture
ashlee_Frame856_jpg.rf.f49ab5abb6cdea8350d7b2ad90e3efc4.jpg,166,163,241,356,Good Posture
Frame519_jpg.rf.f5f8a4c6bfc632998c47651ba15fdfd2.jpg,362,178,431,363,Good Posture
Frame1230_jpg.rf.f8bcd06b6056136263c84e7ab76955e9.jpg,96,173,165,357,Good Posture
ashlee_Frame411_jpg.rf.f8da784a9c4c725f91de776b1367d819.jpg,178,164,251,355,Good Posture
ashlee_Frame94_jpg.rf.f7b490d2cbc69e09c90e15953357aa94.jpg,346,169,417,359,Good Posture
ashlee_Frame568_jpg.rf.f3ccaa5cfc2f801bb0f5c202a00e3d32.jpg,70,169,145,355,Good Posture
austin_Frame449_jpg.rf.f5c42d253b79d12dd0330022322dc452.jpg,293,163,354,351,Good Posture
Frame404_jpg.rf.f92b40dec6bd4c936e856d6e0e86275c.jpg,368,181,434,361,Good Posture
austin_Frame1817_jpg.rf.f7a656cc9185953c3bc88c52ea833515.jpg,389,178,463,362,Good Posture
Frame1177_jpg.rf.f989d90100454fb75c4d4f67f83bc7aa.jpg,373,181,438,362,Good Posture
Frame370_jpg.rf.f7c660b95f42f795473a1dc324b2744b.jpg,216,175,274,358,Good Posture
Frame1219_jpg.rf.fae4ea3bd3247bd6e6d51c9b83643393.jpg,168,179,229,357,Good Posture
ashlee_Frame832_jpg.rf.fa7e15171f1c60215787ef6def387455.jpg,276,169,351,358,Good Posture
Frame218_jpg.rf.fb109c5bf246649c83131c0344c3af34.jpg,110,179,184,359,Good Posture
austin_Frame644_jpg.rf.faf3b9ec607120519c89f3b307a6d5bb.jpg,142,169,219,354,Good Posture
Frame873_jpg.rf.f9da95605d556774288acfca1538f36f.jpg,196,187,273,362,Good Posture
austin_Frame756_jpg.rf.f86d4deb57fbc722e8f61e2679965a08.jpg,110,165,197,351,Good Posture
Frame680_jpg.rf.f25fd2d79573366b0f5b09e2e6a5911e.jpg,89,179,169,359,Good Posture
Frame987_jpg.rf.fbe4a9f2628dd93b1ecfab9881eb584c.jpg,62,179,142,359,Good Posture
ashlee_Frame968_jpg.rf.fc1d27a52ca4f2c49fa48cfb90b26012.jpg,386,150,453,337,Good Posture
austin_Frame238_jpg.rf.fbe64e5501104407c627fcd19da1a465.jpg,338,166,422,353,Good Posture
ashlee_Frame474_jpg.rf.fc3106f301538fba25fc41b1c4727cc7.jpg,119,151,189,332,Good Posture
austin_Frame624_jpg.rf.fb1422b7d4dffe5aa952cf2f063956e2.jpg,263,162,337,353,Good Posture
Frame181_jpg.rf.fbec2bb01158277912e634acce40306c.jpg,308,176,371,361,Good Posture
Frame1200_jpg.rf.fde836141c4d6d4f5399a037a988818d.jpg,266,180,331,361,Good Posture
austin_Frame285_jpg.rf.fd1da8e69811af02d899baf48d3d3030.jpg,62,165,136,342,Good Posture
ashlee_Frame941_jpg.rf.feadf9b4862ab6d4c964bfd4b93e6457.jpg,239,142,317,333,Good Posture
austin_Frame1826_jpg.rf.fb5ab9e960ec7993bc48966b8605cb65.jpg,351,178,421,362,Good Posture
Frame828_jpg.rf.fe85de30e4044347328fedcfc082f210.jpg,374,177,439,363,Good Posture
Frame829_jpg.rf.ff08f98f2b278b19fe28ffe600ec049c.jpg,369,177,437,363,Good Posture
ashlee_Frame401_jpg.rf.ff955228bf6425183f539737dffa5316.jpg,214,158,274,355,Good Posture
austin_Frame657_jpg.rf.ffc2bd42216612a352196cc27082c8b9.jpg,74,167,149,351,Good Posture
Frame1355_jpg.rf.ffd73d16f991873e95a288b3cc214da7.jpg,46,183,122,359,Good Posture
Frame545_jpg.rf.fdfceb628640a196cf9c68e891635289.jpg,267,177,327,361,Good Posture
ashlee_Frame943_jpg.rf.ff0b48d13dd73e8fe9de9ac238f2bf3e.jpg,246,141,323,333,Good Posture
austin_Frame460_jpg.rf.ff9eac322e6e2d0b098921789988fbac.jpg,360,165,419,353,Good Posture
Frame999_jpg.rf.ffe80ff313c3c6228adba28da3ef546c.jpg,116,174,186,359,Good Posture
Frame546_jpg.rf.fed659f7f0f18fe10ce8ee498e4bbea0.jpg,264,179,326,361,Good Posture
ashlee_Frame383_jpg.rf.ffbdc882ccd98ee5c0ef0ae0e0cf0355.jpg,285,165,357,356,Good Posture
ashlee_Frame259_jpg.rf.fd5108e99878512d881e6f1faac464e6.jpg,200,142,274,333,Good Posture
Frame1209_jpg.rf.fe989d67345ec2644faac6f4dc143f9c.jpg,214,179,277,360,Good Posture
Frame1393_jpg.rf.ff8adff4e7bccfd521943a939a2077b5.jpg,204,177,271,361,Good Posture
Frame396_jpg.rf.3f0e886e73a570aad3432d6a1204808a.jpg,331,180,397,361,Good Posture
Frame1201_jpg.rf.3e89234a99b15305776e8be4e91aa0b7.jpg,259,180,327,360,Good Posture
Frame1053_jpg.rf.400b6545088697555804901d29fe51c0.jpg,370,179,436,363,Good Posture
austin_Frame775_jpg.rf.3f6ef9b1ff625b902e56fac49eb4be86.jpg,218,160,298,353,Good Posture
ashlee_Frame508_jpg.rf.3f202ba940c12e863b67f91647101bb9.jpg,307,145,378,333,Good Posture
austin_Frame615_jpg.rf.3fb8fa121d323a9557f18d56fe1394ef.jpg,316,170,389,351,Good Posture
Frame709_jpg.rf.3f937f62b99af936530c90ac4d4ac66c.jpg,214,179,292,361,Good Posture
Frame219_jpg.rf.3e65c52a5360004114891b68449489ac.jpg,110,177,180,355,Good Posture
Frame209_jpg.rf.407bd9dfa7e764703baba6b6c6865544.jpg,173,179,230,363,Good Posture
Frame211_jpg.rf.411fb845eb9250b1effde4744e129757.jpg,163,179,222,353,Good Posture
austin_Frame259_jpg.rf.409641c2efbce8610756e230d22f6605.jpg,214,163,295,352,Good Posture
Frame1034_jpg.rf.4169f2ad22117fa4a1532c138b8f099a.jpg,291,173,355,360,Good Posture
austin_Frame651_jpg.rf.3fba36b6dc22658dad995e828ff0f06f.jpg,102,162,177,350,Good Posture
austin_Frame635_jpg.rf.3e3b9120b6cb2194e658ebd078d94370.jpg,203,173,276,351,Good Posture
Frame890_jpg.rf.41363b2ade1a3e3f512dc4728c940ab6.jpg,127,184,197,359,Good Posture
austin_Frame649_jpg.rf.3f45ca8b48a04b350d5c2932594e5cae.jpg,118,166,190,352,Good Posture
Frame1420_jpg.rf.416c79884bbfd4a228bab329ea7c0981.jpg,316,179,388,363,Good Posture
Frame1389_jpg.rf.428f39cf7524f41cf79e46f722f337a1.jpg,189,179,250,363,Good Posture
Frame1194_jpg.rf.424a8442a90200284df0213a3f1d3ead.jpg,295,178,357,360,Good Posture
austin_Frame664_jpg.rf.41c3ccd3e316c2ddfb7b495ce0f01022.jpg,21,165,96,350,Good Posture
Frame995_jpg.rf.42c4f25dca04affc9de6b4916cc5f28d.jpg,101,173,173,360,Good Posture
Frame1205_jpg.rf.419b2124554a682b098565ff24b1dbca.jpg,238,180,301,362,Good Posture
ashlee_Frame891_jpg.rf.436ff98b4717dd6dd4cffd24265a1005.jpg,28,169,106,355,Good Posture
Frame845_jpg.rf.435dfe1b01a7827c9b63e8e0b7fd77a3.jpg,306,178,380,361,Good Posture
Frame513_jpg.rf.43d6b17706676c02d456f22dd97638d3.jpg,386,179,455,361,Good Posture
ashlee_Frame55_jpg.rf.446bc8fd8103c9adda2aa8a1f74d4ae5.jpg,173,174,237,355,Good Posture
Frame896_jpg.rf.4472a3acc58b2506a2c67efca8cac20b.jpg,108,187,177,359,Good Posture
austin_Frame640_jpg.rf.4475d5871e7f12b6b19cd657acd957ef.jpg,174,172,243,351,Good Posture
austin_Frame436_jpg.rf.43f496adc8642fbca6f363ed6c98dff8.jpg,213,170,283,350,Good Posture
Frame853_jpg.rf.452b8c21b6f42270a2e36455a7b6433b.jpg,270,179,336,360,Good Posture
Frame586_jpg.rf.4599031532bb7a841153fd31fedec4c5.jpg,109,183,174,359,Good Posture
ashlee_Frame257_jpg.rf.453b976a883cd11626215a9c35d687de.jpg,209,143,281,333,Good Posture
austin_Frame759_jpg.rf.4671ae338a17d7dabbf04a541572b69f.jpg,119,163,215,352,Good Posture
ashlee_Frame822_jpg.rf.4555b95c8649b9f248b61ef98ce438fd.jpg,313,171,382,359,Good Posture
ashlee_Frame232_jpg.rf.46009097326b5261fa548bc0095800f3.jpg,348,147,413,334,Good Posture
Frame1225_jpg.rf.442b8694823bc5ae33e9969f5387c180.jpg,126,179,189,356,Good Posture
Frame990_jpg.rf.46a8d2edd147083b71a2c3fc4658147a.jpg,77,175,153,359,Good Posture
Frame1058_jpg.rf.46b3183fdb5d2361ad9ac635dcf7e15f.jpg,397,175,453,363,Good Posture
Frame722_jpg.rf.45133619c165888803546db873a91b85.jpg,286,175,357,361,Good Posture
Frame379_jpg.rf.4765b9d2fe7e6ceafc46f6fc305e701f.jpg,259,179,315,359,Good Posture
Frame862_jpg.rf.46983d8968b5dacc63c673a4031ccf9d.jpg,240,179,307,361,Good Posture
Frame741_jpg.rf.47d326f54b96551a9df50f4d87804e21.jpg,383,177,451,361,Good Posture
Frame699_jpg.rf.4793970e99e80286daf7eabd085d86af.jpg,163,181,247,360,Good Posture
Frame1432_jpg.rf.4890acd3fa86747e7c5ca123db08ed99.jpg,385,176,449,361,Good Posture
ashlee_Frame89_jpg.rf.48017d7e0041cbeb4d2bf72940246530.jpg,322,171,385,355,Good Posture
ashlee_Frame718_jpg.rf.480981e961381beb67013ee574914fd2.jpg,292,146,358,333,Good Posture
Frame584_jpg.rf.471505a89135999ea713842b7973ec20.jpg,114,181,180,357,Good Posture
Frame1040_jpg.rf.47aff6f9306fb47ff3b64f84d8788a82.jpg,315,173,379,360,Good Posture
ashlee_Frame561_jpg.rf.48ebfaad2f12c4b53411f55b8333f470.jpg,48,164,116,355,Good Posture
austin_Frame444_jpg.rf.48b93a951b405bfc5fb60a2c03b86516.jpg,265,163,331,351,Good Posture
ashlee_Frame426_jpg.rf.480d238e22df8cf61847a049515833f7.jpg,125,169,181,353,Good Posture
ashlee_Frame448_jpg.rf.49330bbfa4e434f30d2aead762760b4b.jpg,40,171,122,355,Good Posture
austin_Frame446_jpg.rf.499443a0ebb4059af441dfff2431076f.jpg,281,162,341,351,Good Posture
austin_Frame273_jpg.rf.49908fbd7435c998e41ee7e4904e8da6.jpg,122,156,215,351,Good Posture
ashlee_Frame271_jpg.rf.49daae62aa75d256f31baf7530140418.jpg,144,145,209,336,Good Posture
austin_Frame647_jpg.rf.46e046aab0fdd11a307d3fcf27c1d82a.jpg,128,165,199,352,Good Posture
Frame1552_jpg.rf.48cc5a75a69a2aff05fe710b4c95bd6f.jpg,356,178,433,362,Good Posture
ashlee_Frame434_jpg.rf.4aa2d7cc840fcd7f50dc352bd31c6062.jpg,95,171,162,355,Good Posture
ashlee_Frame920_jpg.rf.4a737580f75bb82e84e3d1a9c3c04419.jpg,120,146,195,332,Good Posture
Frame356_jpg.rf.3e6ae656c338eec4834d6cf5a3857dec.jpg,140,177,209,359,Good Posture
austin_Frame769_jpg.rf.4b2f7d010f6f12b8212cd21ae774246d.jpg,175,165,265,351,Good Posture
Frame588_jpg.rf.4a53bfc33d135c5db3ca191d5e865ed9.jpg,96,180,163,359,Good Posture
ashlee_Frame450_jpg.rf.4b7cee190ddaed80de76c40e8b957d06.jpg,37,169,110,354,Good Posture
Frame737_jpg.rf.4b77e0915ef5b940a52bcdbf2aaa6769.jpg,364,179,429,361,Good Posture
austin_Frame433_jpg.rf.4b40f331d7415a5049d6c18fb4168e77.jpg,193,169,265,350,Good Posture
austin_Frame784_jpg.rf.4b62328061cfeaca592fd1707cf01033.jpg,262,155,342,353,Good Posture
Frame701_jpg.rf.4a6a253f91f4107bbc9275d688663885.jpg,172,181,255,361,Good Posture
Frame1021_jpg.rf.4aacbe86b58fb0b41ac8de0c9dfa8118.jpg,225,177,289,358,Good Posture
ashlee_Frame439_jpg.rf.4b837bbfea86c70bb2af8bd443f43680.jpg,77,171,149,354,Good Posture
ashlee_Frame869_jpg.rf.4c2aaf69d01ea86aacdc5a752884e03e.jpg,111,167,177,355,Good Posture
ashlee_Frame753_jpg.rf.4bd9ccc417d4ccccb098c8e329df1185.jpg,110,143,176,331,Good Posture
Frame1565_jpg.rf.4cac8d3f5b4f36ce8814e70ae1a81e61.jpg,272,181,337,360,Good Posture
ashlee_Frame494_jpg.rf.4bc64185038ebbe89a22bd5948a3a9b8.jpg,228,147,297,334,Good Posture
Frame1547_jpg.rf.49f46e7fb16d2d95f9b97bde74fb9cbe.jpg,382,178,449,361,Good Posture
ashlee_Frame819_jpg.rf.4e4ff74788fbd61c7a16390c7509edf8.jpg,331,170,399,359,Good Posture
austin_Frame797_jpg.rf.4c6265ab530144a3f2f7ebd20035eb76.jpg,344,161,417,354,Good Posture
Frame1173_jpg.rf.4b84697d16ff266f121e4153360f6664.jpg,391,179,454,363,Good Posture
ashlee_Frame914_jpg.rf.4d56dfa1dda0eb9ae30ca9404193c0ca.jpg,96,147,166,332,Good Posture
Frame203_jpg.rf.4b793a128fd7c4174bf4ed8fc5d2f3a2.jpg,201,177,259,361,Good Posture
ashlee_Frame570_jpg.rf.4d2748ea47b85d784c0a9d5e80f6801a.jpg,78,166,153,355,Good Posture
austin_Frame641_jpg.rf.4d3002d025a2f185e618c2874ed562d4.jpg,164,170,237,354,Good Posture
Frame720_jpg.rf.4b4e3bcf52d2d6c707466a57d51f27aa.jpg,274,176,349,357,Good Posture
ashlee_Frame369_jpg.rf.4c0340374650bb1054db0b827304ed8c.jpg,349,166,427,359,Good Posture
Frame399_jpg.rf.4e522851590a08b987ca53e8dc640225.jpg,345,182,416,361,Good Posture
Frame1571_jpg.rf.4e13dc3d2ec7e63ce640dcff6d4d2950.jpg,233,178,301,359,Good Posture
Frame1218_jpg.rf.4f5d29ea6fc2f1242eab677bc1a4907d.jpg,173,179,236,359,Good Posture
Frame393_jpg.rf.4fbb108243c630b0a9d656de1efda45f.jpg,316,178,380,361,Good Posture
Frame825_jpg.rf.4c53ebbf191caf0b2d1d3ba6b985c6a5.jpg,390,180,453,363,Good Posture
Frame723_jpg.rf.4f74fee3720fa761f9c254914b6ba239.jpg,290,173,360,359,Good Posture
Frame521_jpg.rf.50319e2e5e82ef404ccd80a144cb9604.jpg,358,177,424,362,Good Posture
ashlee_Frame844_jpg.rf.4ec6a9338bcb7359fd52bfb2658c6cfd.jpg,219,165,287,355,Good Posture
austin_Frame1844_jpg.rf.503048a5725854bde805dc8f85abcf14.jpg,270,183,339,359,Good Posture
Frame1217_jpg.rf.4f53e41d7b08e82b352d0f78b02cffe4.jpg,176,175,239,360,Good Posture
ashlee_Frame728_jpg.rf.5200e1edb71ff64d6abacf489d711cbd.jpg,243,140,307,331,Good Posture
Frame1206_jpg.rf.5182060d5b407dd7c41c09b8dee848f6.jpg,231,181,294,360,Good Posture
Frame383_jpg.rf.5205810ceeeef644abb38a2a700ced6e.jpg,275,178,340,361,Good Posture
ashlee_Frame468_jpg.rf.4f165479a2e5b0a9de266571874c09e6.jpg,71,144,147,330,Good Posture
ashlee_Frame873_jpg.rf.523a9648780e8e444c706800b839ff96.jpg,98,165,159,353,Good Posture
Frame685_jpg.rf.528f3ef3f7db2995474605a477476c8b.jpg,102,179,188,359,Good Posture
Frame1427_jpg.rf.4fd645692831754d47ef6fdae48223e4.jpg,355,182,419,363,Good Posture
austin_Frame659_jpg.rf.4f231ab35bf2684bd2e2f7feac087538.jpg,59,167,135,349,Good Posture
Frame1052_jpg.rf.4fbc7c8a5a367e6f7aca172f8cf442d6.jpg,365,178,430,361,Good Posture
austin_Frame264_jpg.rf.530bd09bb8c8a5b488fb84c2c7b91ec5.jpg,182,156,263,351,Good Posture
Frame679_jpg.rf.52265651de9599c9c7bd6a541a2eae06.jpg,84,182,168,357,Good Posture
ashlee_Frame264_jpg.rf.5105e7d87722b97c25f59d3541bbf9de.jpg,174,143,252,333,Good Posture
ashlee_Frame583_jpg.rf.537803b7b7a3a1769a05ef4fae60c51e.jpg,144,169,203,353,Good Posture
Frame877_jpg.rf.5003332b4ce0052a01d71307ef51c6bc.jpg,171,184,252,361,Good Posture
ashlee_Frame45_jpg.rf.52ac7b33a85d9de3aa0efede521ef349.jpg,108,172,171,355,Good Posture
Frame1045_jpg.rf.5321737fa8e553310ec56c4717086cdf.jpg,336,175,400,359,Good Posture
Frame1171_jpg.rf.518c0ce17ad504d3b25e4d531952380b.jpg,398,179,451,361,Good Posture
ashlee_Frame483_jpg.rf.544a4ebdbfba2cc85d600c6265c8765e.jpg,176,145,243,334,Good Posture
ashlee_Frame253_jpg.rf.540695560d186e1a41b5d7eec4a09dd1.jpg,225,145,295,332,Good Posture
austin_Frame629_jpg.rf.54cd06e0bac35fe51c1797fa79fa57ea.jpg,232,163,305,353,Good Posture
ashlee_Frame275_jpg.rf.53aa92398a376e1ea3f1237967cbeccd.jpg,126,147,190,329,Good Posture
Frame198_jpg.rf.550c295b66f6f3988981c65b092487ae.jpg,219,179,283,359,Good Posture
austin_Frame282_jpg.rf.5549e81a5592cf33ad78aab01188d2f0.jpg,76,161,155,355,Good Posture
ashlee_Frame412_jpg.rf.559fc68b1707019a848d7b74032ac9c1.jpg,172,161,244,358,Good Posture
Frame843_jpg.rf.55bfae1ecad27ae52980340f1434130e.jpg,315,176,388,362,Good Posture
Frame738_jpg.rf.55ad88650d19ad736ce1d2dcfe688c74.jpg,370,177,437,363,Good Posture
ashlee_Frame287_jpg.rf.572c88a6f40b303a5004344b4df2a880.jpg,63,151,147,332,Good Posture
austin_Frame613_jpg.rf.54f8ae2291e10c54c036e871cb884c06.jpg,326,165,399,353,Good Posture
austin_Frame778_jpg.rf.51d041ab814d76e96e164c8478c829d5.jpg,234,159,316,354,Good Posture
Frame559_jpg.rf.5554e5803e16df700ad1f9177e3fabff.jpg,221,182,286,358,Good Posture
austin_Frame747_jpg.rf.565e9ed749ecf0920a8784e3aea74548.jpg,52,166,142,352,Good Posture
ashlee_Frame597_jpg.rf.5787e4480d6e5dae78eab76c36505188.jpg,191,170,259,354,Good Posture
Frame1551_jpg.rf.5627ca5568af910c73c7c42e054fc7c3.jpg,361,179,435,361,Good Posture
Frame554_jpg.rf.57f28a53f7e69f41a8fda92eaba67ab9.jpg,237,179,298,361,Good Posture
Frame1208_jpg.rf.55fc8e0b2615082bb7af77a15d2ce89b.jpg,220,179,282,360,Good Posture
ashlee_Frame479_jpg.rf.56d33dbd05bb32f612346e52a0243637.jpg,156,146,220,331,Good Posture
austin_Frame660_jpg.rf.58009f27b3d890eb77b9c4777a0ae750.jpg,47,165,129,349,Good Posture
austin_Frame239_jpg.rf.58c8403a2bbe69e7217622161a18bdf3.jpg,331,165,415,354,Good Posture
austin_Frame1829_jpg.rf.577ff736c35c64d99bdf58112aad3a8e.jpg,336,178,405,362,Good Posture
ashlee_Frame853_jpg.rf.58f083e7f48fdb738eaf0ffdfbc76918.jpg,182,163,249,356,Good Posture
ashlee_Frame558_jpg.rf.58013ebdac50e27342225aef2963eae5.jpg,30,163,102,355,Good Posture
Frame540_jpg.rf.58076c077e2b8db972dbf12788ceb0e5.jpg,284,179,343,361,Good Posture
Frame1560_jpg.rf.5a578def01ab1f6d849457dff791b613.jpg,300,185,367,361,Good Posture
Frame1017_jpg.rf.589188a4bfb4f5099b7e9f2ef448ca3e.jpg,209,175,274,358,Good Posture
austin_Frame1869_jpg.rf.592db68630e00984ea939c0d4b706ec8.jpg,137,177,207,358,Good Posture
austin_Frame240_jpg.rf.59262c2c18383beb09602a136b30d19e.jpg,326,167,411,352,Good Posture
Frame1408_jpg.rf.56b284162649fefbc73056c5b9ae9043.jpg,274,181,335,361,Good Posture
ashlee_Frame593_jpg.rf.5956d5d7fdbb8afda0c3fd79c8540ed5.jpg,180,168,244,357,Good Posture
Frame1003_jpg.rf.58da414471452157bc965788825627a4.jpg,134,175,208,367,Good Posture
Frame721_jpg.rf.5847cff8c5afc6e4a02600dfd61df3e4.jpg,280,175,351,361,Good Posture
Frame857_jpg.rf.5b6f398d807648c85ae929256647becb.jpg,254,179,322,359,Good Posture
ashlee_Frame390_jpg.rf.5bb52cc8215f20db2ce4afb74f06e1bc.jpg,257,167,329,357,Good Posture
Frame210_jpg.rf.5a00f89fed9e59ceae7a0a9603e01c23.jpg,163,179,224,355,Good Posture
Frame1182_jpg.rf.5c169d67b3ad35a9bdbed0bb2389215b.jpg,354,185,415,360,Good Posture
Frame1373_jpg.rf.5b8dbd4119ef71a905e8086dcfe9a05d.jpg,117,182,188,358,Good Posture
Frame691_jpg.rf.5a80b1cf12d3f1fe7b4be6f8e84ca52e.jpg,126,182,209,359,Good Posture
Frame568_jpg.rf.59b3b6f2d61446dae2862ebc57990aea.jpg,177,178,237,358,Good Posture
Frame390_jpg.rf.5ab62aa2c2dca62a21e207063fe52203.jpg,303,179,367,362,Good Posture
Frame202_jpg.rf.5c42dfdaa03163d3a5fc2225e607c775.jpg,203,177,264,360,Good Posture
Frame698_jpg.rf.5c364e39783586cb20dae9d50dd41421.jpg,158,183,240,363,Good Posture
Frame1586_jpg.rf.5c107af75b35b7860d3f7fad0bef0355.jpg,102,177,169,355,Good Posture
Frame169_jpg.rf.5c93b1919492277352882b0b5f9760df.jpg,364,181,437,360,Good Posture
Frame1020_jpg.rf.5c58a110f81958402dafb5127d420d79.jpg,221,176,286,360,Good Posture
Frame1379_jpg.rf.5c680ce89b38c6056c90c60a81b07bb8.jpg,143,183,208,360,Good Posture
Frame1212_jpg.rf.5bd2a25f06f83f02ae218c70ffb836c5.jpg,195,177,259,360,Good Posture
Frame731_jpg.rf.5cd5660f6ebc31e51d86c5eee90b66fc.jpg,324,174,390,360,Good Posture
Frame562_jpg.rf.5d0f1c50916cdd250dbcd317ef90af7d.jpg,208,183,271,360,Good Posture
ashlee_Frame931_jpg.rf.5c9a2c86913a7b8e1d319e2addc757a6.jpg,190,150,260,333,Good Posture
ashlee_Frame76_jpg.rf.5d2cfca72f7740a5f0c4d219f63a0369.jpg,256,167,331,356,Good Posture
Frame1363_jpg.rf.5d5878f83b0e3a64d4c12cc606e00750.jpg,84,181,153,359,Good Posture
ashlee_Frame248_jpg.rf.5d9c0e2298d69e66cdf5814c4de3c622.jpg,256,147,327,335,Good Posture
ashlee_Frame499_jpg.rf.5ef8ea4a6ead6ae837c207e318362b30.jpg,266,146,329,335,Good Posture
Frame735_jpg.rf.5e7f1575c6e8c358f878b0919cdd349e.jpg,350,176,418,361,Good Posture
austin_Frame453_jpg.rf.5db4dce405bf6f91eadabe7c5fb61e27.jpg,315,167,381,351,Good Posture
austin_Frame633_jpg.rf.5d0386a72e4a071d2297c748eb1cbe24.jpg,214,167,286,353,Good Posture
Frame1406_jpg.rf.5f285a61021f0b4e6b0b14674a9108e5.jpg,265,181,326,361,Good Posture
ashlee_Frame702_jpg.rf.5fa548195feece5c133a2f61fae6321c.jpg,375,149,437,334,Good Posture
Frame223_jpg.rf.5da3ce2b82f342fb56d7ef71c1cd3a91.jpg,98,176,168,357,Good Posture
ashlee_Frame923_jpg.rf.5d5eeb9e551f505a38b265e9d875cbfe.jpg,142,149,213,331,Good Posture
Frame1195_jpg.rf.5f3832fe1ba049e6832064c29e27bee1.jpg,289,178,351,361,Good Posture
Frame734_jpg.rf.5fd12adf6ca4112c4cf31e4e9cd4577e.jpg,345,175,413,361,Good Posture
austin_Frame272_jpg.rf.600beeb97ea47c1119b91bd8e3881584.jpg,128,155,222,351,Good Posture
Frame565_jpg.rf.5f543498f85a06b1003c0a3668dc3455.jpg,190,180,253,360,Good Posture
ashlee_Frame622_jpg.rf.608cca843e723b3516b6befa9b0d3c2b.jpg,285,169,352,358,Good Posture
ashlee_Frame835_jpg.rf.5f5dee2b22793d3448a76dab17509a5f.jpg,262,169,337,358,Good Posture
Frame515_jpg.rf.60dba2698a3a647d80e558acd0245809.jpg,376,179,445,360,Good Posture
ashlee_Frame400_jpg.rf.603c8ab1c4a9f0ae9a30657a3728c4df.jpg,217,163,285,356,Good Posture
ashlee_Frame273_jpg.rf.6132b1130d691716566c7d247c64bc2d.jpg,133,145,197,333,Good Posture
Frame197_jpg.rf.60dde309acf3e035918290a6b2504aa3.jpg,224,178,286,360,Good Posture
ashlee_Frame65_jpg.rf.601d276b26860090aa18a8ec12667edf.jpg,222,174,288,355,Good Posture
Frame1226_jpg.rf.5dd8dded4b1e12b1eb37d23f8ca15fff.jpg,116,179,183,358,Good Posture
Frame189_jpg.rf.61d054dcfd045a4a344ff34ceb3725e7.jpg,270,179,332,359,Good Posture
Frame386_jpg.rf.618948cad8b30421e84234f47c3145f7.jpg,295,175,357,359,Good Posture
austin_Frame447_jpg.rf.6461f2da792b1922446a929f2aa379cd.jpg,283,165,347,353,Good Posture
austin_Frame620_jpg.rf.618d348cc12528e2aeaf4404886042e9.jpg,289,167,362,353,Good Posture
austin_Frame789_jpg.rf.5eaff62de947fbcced617fd48a5ef7e1.jpg,296,158,369,353,Good Posture
austin_Frame652_jpg.rf.6421c3d25a438d539a5dda1a6be32543.jpg,99,164,171,349,Good Posture
Frame175_jpg.rf.61ede880fa946a046b144fbc3e0a61ec.jpg,336,177,399,361,Good Posture
austin_Frame257_jpg.rf.624e4f4f58f798a1c787c7b065c3edc9.jpg,225,163,307,351,Good Posture
Frame1366_jpg.rf.6599c7cca71d58fb220d94a4f0a92b89.jpg,91,181,164,358,Good Posture
ashlee_Frame626_jpg.rf.66696f2f1c67b8c65d6fde6ec372e033.jpg,300,173,369,357,Good Posture
Frame1019_jpg.rf.66a0714a81b43519553ac520c8634c31.jpg,218,177,282,360,Good Posture
Frame848_jpg.rf.63d302d3ed8ae8c0d9e40073446eebd9.jpg,290,180,364,361,Good Posture
Frame1426_jpg.rf.6821344d664421aa0338247bf9591de6.jpg,351,185,417,360,Good Posture
Frame349_jpg.rf.68d6d67ae6225f6204724d5847f204fa.jpg,103,176,177,359,Good Posture
Frame681_jpg.rf.66c56d1f0cac1fc29c0dbc182aab11d6.jpg,94,183,174,357,Good Posture
Frame895_jpg.rf.696aa72c29f94f169109a1d1828fa0df.jpg,114,185,181,361,Good Posture
ashlee_Frame855_jpg.rf.621a83cd8d6b836e83620ec8405ae851.jpg,174,163,245,358,Good Posture
austin_Frame452_jpg.rf.634930235e14da0bab26d063ff0fa744.jpg,308,167,372,351,Good Posture
ashlee_Frame862_jpg.rf.680bd80705bbe6c0b1b0b15b41c2e70f.jpg,140,165,219,357,Good Posture
Frame1002_jpg.rf.68cbb4352dc1f00458b38772ec083d1b.jpg,130,171,202,369,Good Posture
austin_Frame461_jpg.rf.6933f3ae4b83e114ef639136e42a2b9e.jpg,364,163,422,353,Good Posture
Frame200_jpg.rf.67ecef31086242d8f2d1fabe03406ae6.jpg,212,177,272,360,Good Posture
Frame727_jpg.rf.67879b38dd829f0d6a4b0a923bdc5814.jpg,305,173,373,362,Good Posture
Frame552_jpg.rf.67fc29684685a63c474e3450002c22d7.jpg,244,181,305,359,Good Posture
Frame1051_jpg.rf.6b1649567a66545bf400a879622a1546.jpg,359,177,420,361,Good Posture
Frame171_jpg.rf.69fd070802a7a87fa2dde394b97994dd.jpg,356,181,422,363,Good Posture
Frame1575_jpg.rf.68b73a0f620abe554420907550e77c31.jpg,196,184,264,361,Good Posture
ashlee_Frame881_jpg.rf.6b49debaef8dee1989d48bdcef70df02.jpg,64,166,130,355,Good Posture
ashlee_Frame950_jpg.rf.6adf8db38831f0c545f15496d24525a1.jpg,291,148,363,335,Good Posture
ashlee_Frame261_jpg.rf.6a4046b8859f3a651054531e7e12ac39.jpg,192,143,267,332,Good Posture
Frame398_jpg.rf.6ba2c2658de00b79e762e43d9fd2c9ef.jpg,343,182,407,361,Good Posture
Frame875_jpg.rf.6b57b0824210fa9e52db71a151f37e04.jpg,186,186,263,361,Good Posture
Frame590_jpg.rf.6d761d393c657189255cf845f3afdc31.jpg,86,179,152,357,Good Posture
austin_Frame1853_jpg.rf.6dc8b516890b35ec8c749b0ae9ac9712.jpg,219,179,289,359,Good Posture
Frame687_jpg.rf.6cff7dbe9f5b460cd42c1b202e809c3e.jpg,111,183,195,358,Good Posture
ashlee_Frame624_jpg.rf.6b915b4aca4468b80770ea780f8da2f7.jpg,291,175,361,357,Good Posture
Frame1548_jpg.rf.6e2105a5da43bf160fd1fa8c06d039d2.jpg,372,179,439,363,Good Posture
Frame827_jpg.rf.6cddd1691c19c904961b421810277d44.jpg,379,179,444,361,Good Posture
Frame859_jpg.rf.6b3154cabf3788477d4b33349ffe3b50.jpg,249,181,313,361,Good Posture
Frame387_jpg.rf.6e13ce1bed40ca06d2bffa7e1544c991.jpg,295,179,363,356,Good Posture
Frame1380_jpg.rf.6ba6402b74f64829c894a6eab2db2e06.jpg,146,183,215,359,Good Posture
austin_Frame748_jpg.rf.6dba3bee00c7c523af80d94360002cbb.jpg,60,168,149,351,Good Posture
austin_Frame267_jpg.rf.6d1b7d85b80c9a47dfe84edcf15a01f8.jpg,158,157,247,353,Good Posture
austin_Frame262_jpg.rf.6e966cef5026a4a1b9336709c4cf2bbf.jpg,195,163,275,350,Good Posture
Frame743_jpg.rf.6f345451d3c910c36a9d31d8759d1830.jpg,391,175,457,362,Good Posture
austin_Frame761_jpg.rf.6ca93316078207f41ae6c0e09b143dd9.jpg,131,165,219,354,Good Posture
Frame1043_jpg.rf.6f66ae84a1282e6d7a3ca69da225e679.jpg,327,173,390,359,Good Posture
austin_Frame631_jpg.rf.6ebf2fd95220f3a9bd3e27000578cb75.jpg,225,167,293,350,Good Posture
Frame1180_jpg.rf.6f5b36355cfc3e816a22c7fd9321e196.jpg,362,185,426,358,Good Posture
austin_Frame755_jpg.rf.6dc29439d8843dc1900fec645822cc1b.jpg,100,163,193,351,Good Posture
Frame1435_jpg.rf.703fc5405ac94d8c814ccc845ca3b050.jpg,393,175,460,362,Good Posture
ashlee_Frame69_jpg.rf.6dfd098a7f22495f45f9d2106551c08b.jpg,232,170,297,355,Good Posture
Frame360_jpg.rf.6fba20447e913087de38df97cf7ad073.jpg,172,179,238,359,Good Posture
ashlee_Frame436_jpg.rf.700ee5a7152df751ccfd01198b4d0475.jpg,88,169,158,355,Good Posture
Frame1584_jpg.rf.708c9079588cd4e5267c67b777096dc2.jpg,119,179,182,359,Good Posture
ashlee_Frame640_jpg.rf.6e00f6590211fc6ae6761b49df001d87.jpg,371,175,430,357,Good Posture
austin_Frame1840_jpg.rf.6f50a9707f6356217d780770087f74fd.jpg,287,179,359,360,Good Posture
Frame547_jpg.rf.70cd7443609a94d9cc0188c92e26151d.jpg,262,179,323,360,Good Posture
austin_Frame770_jpg.rf.723f99ec7715971748c0b983bd08280e.jpg,180,167,275,353,Good Posture
Frame1000_jpg.rf.6fd059bb2da73cf96e5745993d1f4f03.jpg,120,173,194,359,Good Posture
Frame168_jpg.rf.6ee6b982d01b1684bf929c81ed4dba2f.jpg,369,179,440,362,Good Posture
Frame567_jpg.rf.711e6b7b96e274050fd5d0e18023b3a4.jpg,181,178,243,358,Good Posture
Frame397_jpg.rf.6ffdae2d04f20573f267c2636e5c7ef6.jpg,336,181,399,361,Good Posture
Frame1056_jpg.rf.710112bc2e258f7bc74c96ce1113aa08.jpg,389,177,452,361,Good Posture
Frame870_jpg.rf.71ea03daeba8b3a9027c6268c26508e6.jpg,210,183,282,359,Good Posture
ashlee_Frame576_jpg.rf.718de0904d4d86ecc15112faa40fc040.jpg,108,171,168,353,Good Posture
Frame719_jpg.rf.729e93406ccb72c231069457b2615aea.jpg,265,175,341,359,Good Posture
austin_Frame255_jpg.rf.72497601eb0342a3412cb514f375a705.jpg,238,162,321,351,Good Posture
austin_Frame785_jpg.rf.70613c5deb317929b9d738111bd35430.jpg,270,157,347,352,Good Posture
Frame182_jpg.rf.73589d441e297734ad0e28b7b4494ea2.jpg,304,176,368,360,Good Posture
ashlee_Frame392_jpg.rf.730eb3023d4181a9bc03aac2cc5b8c52.jpg,248,167,319,354,Good Posture
ashlee_Frame639_jpg.rf.73e07c4201f2a98655438385e2a78990.jpg,364,177,427,354,Good Posture
ashlee_Frame608_jpg.rf.741ad73117f69856d02844a9ff9f7541.jpg,237,177,298,355,Good Posture
Frame520_jpg.rf.74615c8a8cfc7fd859a496994e3e497d.jpg,362,177,427,363,Good Posture
austin_Frame617_jpg.rf.743960d89a1ca5653f8876ff9814e4ef.jpg,307,168,379,351,Good Posture
Frame871_jpg.rf.744b97a04ada4d0812dd09742db0b0f6.jpg,204,184,279,359,Good Posture
Frame1395_jpg.rf.74985d40b0d82e5f8ead05b49ac4fd3b.jpg,213,175,279,360,Good Posture
Frame994_jpg.rf.751e66a8f8585c3d39a1bfe08eab585c.jpg,100,174,167,359,Good Posture
Frame229_jpg.rf.75e8d808a3c91ce616a6c5ea301eeff8.jpg,64,183,138,359,Good Posture
ashlee_Frame731_jpg.rf.7614dbb8a97b232e460874a6eca37274.jpg,220,143,291,332,Good Posture
Frame676_jpg.rf.75e5d1464faac95237dbc76be6a72c0c.jpg,75,183,153,355,Good Posture
Frame1383_jpg.rf.7222fdb9ec6b348552e8de07f54c5f81.jpg,161,182,222,359,Good Posture
austin_Frame1871_jpg.rf.747b0f708e37b059773aa0cb3f655901.jpg,132,176,196,357,Good Posture
austin_Frame407_jpg.rf.75d6589152fcf79668d564b93e8f2102.jpg,50,162,122,351,Good Posture
ashlee_Frame828_jpg.rf.76b4da1ef56577ec430f6742524a8eac.jpg,292,169,369,357,Good Posture
Frame729_jpg.rf.7968dcf3572abb83d2be1ea452947b40.jpg,315,174,380,361,Good Posture
ashlee_Frame724_jpg.rf.78bdc12b1ecd0a6813fff6a11672f3cb.jpg,260,147,327,332,Good Posture
austin_Frame1864_jpg.rf.78f29e3b65f180f7c3aa6f03cb104f71.jpg,169,181,233,358,Good Posture
ashlee_Frame284_jpg.rf.78efe03d195ed78b4b9f8f6059f9fb06.jpg,86,145,163,332,Good Posture
Frame837_jpg.rf.77ce629b1bea471df70847e60f644aea.jpg,334,176,408,362,Good Posture
Frame1220_jpg.rf.7bae9a21b5140b4c5e42263aa58d491d.jpg,164,179,223,359,Good Posture
ashlee_Frame278_jpg.rf.76d9804b46121ac40b99ed034f63a68b.jpg,110,148,179,330,Good Posture
ashlee_Frame387_jpg.rf.7bb453971277608552cacdaf73bae6b7.jpg,271,164,345,356,Good Posture
Frame740_jpg.rf.7c061988d18029c7ee437e570ea16b2f.jpg,375,177,443,365,Good Posture
austin_Frame445_jpg.rf.78f08611115fba3eeb6efa7541151df1.jpg,272,162,334,353,Good Posture
Frame537_jpg.rf.786d5bf50383efc3b5a75b6b52437e4d.jpg,303,180,364,361,Good Posture
ashlee_Frame246_jpg.rf.7bd46f65b5f3cecdedd9f8b16632c0d2.jpg,266,149,339,334,Good Posture
Frame366_jpg.rf.7bf545f49da76ccde2ecd9ccea25c746.jpg,200,177,260,359,Good Posture
ashlee_Frame939_jpg.rf.7b1b8ec632eed87c12a1febf44d34533.jpg,231,142,307,333,Good Posture
Frame196_jpg.rf.7c7be8c1617d360eb13bccb5545561c6.jpg,227,177,292,360,Good Posture
Frame840_jpg.rf.7a5752bd262fed2a7422fe477298b971.jpg,326,176,395,361,Good Posture
Frame216_jpg.rf.00bf19b570b9e66b54dbd2d4d5fa945e.jpg,124,176,191,357,Good Posture
Frame1213_jpg.rf.0132fcd30913b6764217f2935efcef3d.jpg,192,179,254,359,Good Posture
Frame569_jpg.rf.00081cf69f919919cab8e2e08859c8e3.jpg,172,177,235,359,Good Posture
austin_Frame457_jpg.rf.0144ba102c3821365b17d7ab7db772c6.jpg,338,165,402,353,Good Posture
ashlee_Frame847_jpg.rf.0100afc0a214dcef59af56ae1895536f.jpg,202,167,267,356,Good Posture
Frame575_jpg.rf.0034c8dbb0b77c0f53e4996c74613dfe.jpg,155,175,220,357,Good Posture
austin_Frame614_jpg.rf.01326295cb8618469c79f865bb3679be.jpg,324,163,393,348,Good Posture
Frame1005_jpg.rf.01acc00d0d9af1c64199fec4901cdae9.jpg,144,173,216,363,Good Posture
austin_Frame773_jpg.rf.013ef8e4a113941ed8641becd2c40f57.jpg,202,164,289,351,Good Posture
Frame1573_jpg.rf.004b1cfd24dd4bba0b221c9332fc5642.jpg,215,182,280,359,Good Posture
Frame353_jpg.rf.02281655014daa51825a0e2fcac7ee2f.jpg,122,177,192,356,Good Posture
Frame1430_jpg.rf.019277f8f2a6d264a63486c3f391568b.jpg,376,179,437,364,Good Posture
Frame714_jpg.rf.005afd869dc271ede7949246d79c3a46.jpg,235,180,311,361,Good Posture
austin_Frame417_jpg.rf.0234e2a385955fecdcd5093dee9c0aa8.jpg,101,174,165,349,Good Posture
Frame693_jpg.rf.01571f684503a0c00beea3c32a911020.jpg,136,184,215,360,Good Posture
Frame1580_jpg.rf.0283e445c498a0fd919b86f8a740c1e8.jpg,165,184,227,357,Good Posture
Frame728_jpg.rf.03a8d32c15dbeb4a8afa4df7e03e974a.jpg,310,172,375,361,Good Posture
Frame372_jpg.rf.02ca903e14270a28af82987eecc5bda8.jpg,227,175,287,361,Good Posture
Frame1047_jpg.rf.0259171bf5f2bd5fdbf8a5f900a4570b.jpg,340,174,406,361,Good Posture
Frame1411_jpg.rf.042e68f18a8a220d5f9916926ce53708.jpg,279,179,346,359,Good Posture
Frame213_jpg.rf.0294d77f5e2083d593178dd2f16e1e5b.jpg,147,181,210,355,Good Posture
Frame700_jpg.rf.04575dec180916fa5ed5ebbb158fa4a0.jpg,165,180,251,360,Good Posture
Frame187_jpg.rf.026b5869458ec2ae6ad1711f221ef80d.jpg,282,177,345,359,Good Posture
ashlee_Frame100_jpg.rf.01245e855935f6a3ccf43007f1fc7725.jpg,364,171,428,358,Good Posture
ashlee_Frame840_jpg.rf.043c7433e6db3781a3a6121c5a454075.jpg,239,169,306,357,Good Posture
ashlee_Frame496_jpg.rf.047933248ce248e47fe7e103d5ae17ff.jpg,238,147,311,331,Good Posture
Frame1224_jpg.rf.046142c3f9250122685abb009e82a970.jpg,133,179,194,359,Good Posture
Frame1022_jpg.rf.04caefa068f43705194cc1e0c1fe0feb.jpg,229,176,294,357,Good Posture
Frame205_jpg.rf.049d81d6b83194c0315c24b55f48b24e.jpg,189,180,244,359,Good Posture
ashlee_Frame713_jpg.rf.04f495e652a7b6b6689fc8ab7c19bfbb.jpg,321,147,391,333,Good Posture
Frame524_jpg.rf.04d1da4364da7cf86aeb91391bb2c08e.jpg,350,177,416,361,Good Posture
Frame578_jpg.rf.06697ef9dd637e56d8f98cae71c1ead6.jpg,138,175,206,357,Good Posture
ashlee_Frame428_jpg.rf.066b847dd2b96ab6b03366d4b73f8474.jpg,116,167,177,354,Good Posture
Frame558_jpg.rf.04935fcc919abbf4fd4aecb36139ea0f.jpg,225,181,291,359,Good Posture
Frame724_jpg.rf.045b81c05aea503e4f4fcc62e0d35875.jpg,296,175,364,361,Good Posture
austin_Frame443_jpg.rf.066bac60c51bd25972bd717fdad6f2f9.jpg,262,165,319,348,Good Posture
ashlee_Frame90_jpg.rf.06058ff2b8ffb5933647a535d8a54b16.jpg,331,171,406,359,Good Posture
ashlee_Frame889_jpg.rf.0715d325c828ef09fd0fb286e8aa9a13.jpg,35,168,114,354,Good Posture
ashlee_Frame512_jpg.rf.069605e54a7d32d5c84d1dd5695afbe3.jpg,321,148,400,333,Good Posture
Frame400_jpg.rf.06876e63c2b2319138160f6fa3bff2e2.jpg,350,183,419,363,Good Posture
austin_Frame662_jpg.rf.082a8c01ac28874b81f99f165a39c56d.jpg,38,167,111,347,Good Posture
austin_Frame290_jpg.rf.07506cd31c7ab8950295080ed0a86d0a.jpg,32,156,114,349,Good Posture
ashlee_Frame441_jpg.rf.08f68e1dbef55d3a1da242cfb8f12959.jpg,72,169,147,356,Good Posture
Frame891_jpg.rf.0875f135b18f53c4c81f8e473e6275fa.jpg,124,183,193,359,Good Posture
austin_Frame256_jpg.rf.09469dd6707a38f5ecc728bf28914539.jpg,230,163,315,351,Good Posture
Frame522_jpg.rf.09c098c49fa65f412bbdfa2ff7f427e9.jpg,355,177,421,361,Good Posture
ashlee_Frame230_jpg.rf.0a09e664a8a81e426173277fc9f718fb.jpg,356,148,422,334,Good Posture
Frame1415_jpg.rf.09e3685a43ff3c15f9c25948fdf92804.jpg,293,179,359,360,Good Posture
ashlee_Frame396_jpg.rf.090e438d76ef9945b95b85403873b4b7.jpg,232,165,303,357,Good Posture
Frame674_jpg.rf.09c59f8bda8a5d0fc7a2ceb57c598ab2.jpg,65,185,146,357,Good Posture
ashlee_Frame817_jpg.rf.0a982390a897787862661802fe084860.jpg,341,171,413,358,Good Posture
Frame1050_jpg.rf.0ab1f8c1cbd81a49253faacd8d4d80a3.jpg,353,179,420,361,Good Posture
austin_Frame768_jpg.rf.08a0fc4024d9b26e5ccccfac9b09465e.jpg,166,164,257,352,Good Posture
ashlee_Frame604_jpg.rf.0bb366f3ddbfdb18bd1fa6fd02f5de08.jpg,227,176,286,356,Good Posture
Frame888_jpg.rf.082c764967d7b7e8d00bab901b00990b.jpg,135,184,205,359,Good Posture
austin_Frame269_jpg.rf.0aa7b6a8111acdb446ed1ac5b934fe42.jpg,148,157,233,353,Good Posture
austin_Frame284_jpg.rf.0bdce1b82a097946343a8fa3a262dfae.jpg,67,162,142,338,Good Posture
Frame1057_jpg.rf.0c886e5d597a848d75ed039d83c02f69.jpg,393,175,453,364,Good Posture
Frame993_jpg.rf.0c41dedf32ef657566a6ac27212bb16f.jpg,95,175,165,359,Good Posture
Frame1191_jpg.rf.0bc810c19e10ac4b020c2784aede1e8d.jpg,307,180,368,360,Good Posture
austin_Frame242_jpg.rf.0b0adb034b81879f01f31e3a55f88abb.jpg,313,168,397,353,Good Posture
Frame579_jpg.rf.0b9452f1be657e1eabfd795d9b1102de.jpg,134,178,201,360,Good Posture
austin_Frame442_jpg.rf.0cc81fcfc2af227aa852e588d78a27bb.jpg,257,163,313,353,Good Posture
ashlee_Frame472_jpg.rf.087b1eb8b77493646b476e74f4acb326.jpg,103,149,180,331,Good Posture
ashlee_Frame720_jpg.rf.0ba73f4a7378038f285c997d225a0fd5.jpg,281,150,347,331,Good Posture
ashlee_Frame812_jpg.rf.0d70ed3fe92160a55b442cbc2a1cebb0.jpg,368,169,431,357,Good Posture
austin_Frame630_jpg.rf.0dff90523b9e4b5425145db42ccf73a2.jpg,230,159,303,351,Good Posture
Frame382_jpg.rf.0dca0d8188afa53d9948cb84626600d7.jpg,273,174,334,358,Good Posture
Frame1234_jpg.rf.0ec1bdba972df46f603edd87047fd2f1.jpg,76,175,148,353,Good Posture
ashlee_Frame614_jpg.rf.0edd00501032c4248dc3b94207406f02.jpg,258,172,318,355,Good Posture
Frame1384_jpg.rf.0effd6f57619c2799bb2c62be17d70da.jpg,165,181,227,359,Good Posture
Frame199_jpg.rf.0e30a081e77ed7d60a016ef21a153bf6.jpg,215,177,276,359,Good Posture
Frame1386_jpg.rf.0f54e89cf915a06e7ded8fc8a81fcb42.jpg,175,179,238,361,Good Posture
ashlee_Frame925_jpg.rf.0ffeb422fd076aa88509a4c277b62a3e.jpg,150,151,223,333,Good Posture
austin_Frame279_jpg.rf.104119c8ac6968b649422cfd4dab7033.jpg,93,160,179,349,Good Posture
austin_Frame1848_jpg.rf.10afe95d4c0290b85dde48b926aa5572.jpg,247,179,317,358,Good Posture
Frame878_jpg.rf.0faa5ad737ec8cef2d9e2fa689636bc8.jpg,166,184,247,361,Good Posture
Frame374_jpg.rf.1016b4dad5e2deab2ae2894fd6be67b1.jpg,238,176,297,359,Good Posture
austin_Frame742_jpg.rf.0fb0155f7976a0ffd1a653bba5daec0d.jpg,29,161,116,349,Good Posture
ashlee_Frame98_jpg.rf.1284acd5cfd81b518d2df2346003af33.jpg,355,169,431,358,Good Posture
Frame1358_jpg.rf.13b3604a2e19c5c89777618f273bd304.jpg,60,184,132,357,Good Posture
Frame1032_jpg.rf.12cc8a4db6e67cee1276f7561ccc9a54.jpg,281,172,346,359,Good Posture
austin_Frame1831_jpg.rf.1181a6df2b55869db321a00e00ebf5c6.jpg,328,177,399,361,Good Posture
ashlee_Frame481_jpg.rf.13d0ccfbc593acf2f2175bc4658e5725.jpg,167,147,230,330,Good Posture
ashlee_Frame738_jpg.rf.10d9c74d6ec234926e1699f75cf37106.jpg,176,145,253,333,Good Posture
ashlee_Frame599_jpg.rf.12d137d5e0af6daef8557afdc4c44bc3.jpg,202,174,265,355,Good Posture
austin_Frame281_jpg.rf.15e37f8cb1a43b84e6b64974b10477f5.jpg,81,164,160,352,Good Posture
Frame838_jpg.rf.12e648f19dfff20989ddfe841f980c11.jpg,331,175,402,361,Good Posture
Frame713_jpg.rf.1578d9277c49c76585c95b9b38a62c45.jpg,228,180,306,360,Good Posture
austin_Frame268_jpg.rf.12c7277d6df3bf637c4456b64500c888.jpg,153,156,239,353,Good Posture
Frame1198_jpg.rf.13ab38f7cbeb47ec99a04035ba9577f7.jpg,274,177,341,359,Good Posture
ashlee_Frame965_jpg.rf.16f0c0818c67d6d17be4f1e005342dc8.jpg,363,149,441,337,Good Posture
Frame726_jpg.rf.14d73544d98f117a4006860282b1eed2.jpg,300,172,368,361,Good Posture
Frame1391_jpg.rf.11794664b333aacb008260de3c5ffd95.jpg,195,177,259,360,Good Posture
ashlee_Frame237_jpg.rf.111cc6d781ddee108586b42cdbaeacba.jpg,316,143,387,335,Good Posture
Frame533_jpg.rf.15e7614c569af27a78000577ec8515e4.jpg,320,177,385,361,Good Posture
austin_Frame616_jpg.rf.175bcdc9608a49b281ff9a09448044fe.jpg,311,167,378,352,Good Posture
austin_Frame752_jpg.rf.12bd46ab4339ad87c3c71b7b5b78b2e8.jpg,72,169,166,351,Good Posture
ashlee_Frame559_jpg.rf.177683130e8910d4052d6bf1bdcc8bdb.jpg,34,164,112,354,Good Posture
Frame1423_jpg.rf.17e2383d3ea22439d26016cd4e03e601.jpg,335,180,403,360,Good Posture
Frame532_jpg.rf.15c31029bfd8420e5dbd6177561b35e7.jpg,325,177,390,361,Good Posture
ashlee_Frame617_jpg.rf.1757e46fc327c2164c6caf7a94dfa536.jpg,268,167,331,356,Good Posture
austin_Frame1860_jpg.rf.1489c635fe8b1ea84c844d9b52622287.jpg,190,179,257,359,Good Posture
austin_Frame441_jpg.rf.181300f54201f3c4d93421bfdfe8605c.jpg,248,169,310,350,Good Posture
ashlee_Frame871_jpg.rf.17614c6791fd5458914ffbcbeabd4523.jpg,102,167,167,355,Good Posture
Frame176_jpg.rf.171b9701e2bcc68b1a42c06a25022348.jpg,330,177,393,359,Good Posture
austin_Frame1833_jpg.rf.18c5fad56bd96992554ac4f2c9c3dbe3.jpg,320,178,389,362,Good Posture
Frame712_jpg.rf.163e9d3a2c6549024c3ee8f01bd2b830.jpg,224,178,300,360,Good Posture
austin_Frame454_jpg.rf.19cb32df43d53a97b71e2fdb443ead0c.jpg,321,171,383,350,Good Posture
Frame516_jpg.rf.19d5a9a5951e4db0a3f2e97e79893723.jpg,373,178,441,362,Good Posture
ashlee_Frame606_jpg.rf.17c6fd2c7be8d74fceb3dbe83d7accc2.jpg,232,177,293,356,Good Posture
Frame1390_jpg.rf.1881da9e41e3c8e13396984d9afad1b7.jpg,191,177,256,362,Good Posture
austin_Frame435_jpg.rf.17e5ed10ea0c5c9d70fc1e40efe0b1a0.jpg,207,172,278,353,Good Posture
Frame856_jpg.rf.1a4db97d218db944aabb3fcc5c5d8d3c.jpg,258,179,323,361,Good Posture
Frame1360_jpg.rf.1875e578e2fad5a5e4a3da02bf69d519.jpg,71,183,141,359,Good Posture
Frame684_jpg.rf.1a4fd6f5eea29ba55c4b927fd2c3d532.jpg,102,181,187,359,Good Posture
Frame1016_jpg.rf.189a485d937cdc293e291c6cd7a3d565.jpg,201,175,270,359,Good Posture
Frame1400_jpg.rf.1ab17642508a32beec93767b32435597.jpg,229,180,296,359,Good Posture
Frame1007_jpg.rf.1a5a653d441c28cd1726b9188c8ba3c9.jpg,159,177,225,359,Good Posture
Frame228_jpg.rf.1b0146d658b5e01c7b0fae39eee233e0.jpg,69,181,142,359,Good Posture
ashlee_Frame612_jpg.rf.17c536ac475f2562e0983998ff35b999.jpg,250,177,311,353,Good Posture
Frame1387_jpg.rf.18599db977790eda7c3acbee4bb43cab.jpg,177,180,244,361,Good Posture
austin_Frame289_jpg.rf.1b1e6d72d48df3676b50e63d463443ea.jpg,36,159,117,351,Good Posture
Frame1029_jpg.rf.193353eb66bdb23d1dd606ffb6297ae8.jpg,264,177,329,360,Good Posture
austin_Frame458_jpg.rf.1adccab0d59b7db9a8043cf2f0880bae.jpg,346,165,409,355,Good Posture
ashlee_Frame567_jpg.rf.1a11062d88d0509f48159567ba4feaff.jpg,59,161,138,355,Good Posture
Frame833_jpg.rf.1b4d82c0f327502ce1c0670124194fcd.jpg,350,174,422,359,Good Posture
austin_Frame424_jpg.rf.1c364ec97778f5e8016695aa31e75963.jpg,142,171,215,352,Good Posture
Frame1170_jpg.rf.1a0f1d1e5d61ad5cc1879a37de930be3.jpg,402,180,453,362,Good Posture
Frame708_jpg.rf.1bc6b6693bf75ff9a7b7c34711acadd0.jpg,211,179,289,361,Good Posture
Frame1202_jpg.rf.1dac7b759cf093337813fab2b37462fe.jpg,254,181,321,360,Good Posture
ashlee_Frame747_jpg.rf.1ca887f9a6c01dc8908e575e3304e7f6.jpg,134,145,198,332,Good Posture
austin_Frame743_jpg.rf.1e92527a0f623ee65d5720d5a5b4b3ce.jpg,33,165,125,351,Good Posture
Frame1055_jpg.rf.1b8c3159ae432d649b31e73f41ec9a30.jpg,378,177,442,362,Good Posture
austin_Frame760_jpg.rf.1dd0f101363d52e0c1298c24a3cec127.jpg,125,165,217,350,Good Posture
Frame1356_jpg.rf.20595e4dd27249d9cbf9be2aacee4b82.jpg,51,183,124,360,Good Posture
austin_Frame426_jpg.rf.1f88a7feae00717849a188ae0d025a24.jpg,152,171,227,355,Good Posture
Frame1364_jpg.rf.1df93341feab6995525f0a5b11bc0d5b.jpg,86,181,155,359,Good Posture
Frame1174_jpg.rf.204f550b1f87026ad95eba7612e9720f.jpg,387,181,451,366,Good Posture
Frame1409_jpg.rf.1f3e6bd39cc9affcf17d81325abce187.jpg,277,179,340,360,Good Posture
austin_Frame414_jpg.rf.1e10baca7214feff011a65343e581046.jpg,90,173,155,351,Good Posture
Frame577_jpg.rf.1cb9360e281045ec90d645298df8c708.jpg,144,177,209,357,Good Posture
ashlee_Frame513_jpg.rf.20fb966210bdd57390108f7f32775ae6.jpg,331,148,407,335,Good Posture
Frame702_jpg.rf.1a78537a013ee99b849b566e835af476.jpg,180,181,261,361,Good Posture
Frame221_jpg.rf.1c5961fbd935e0ce2de88cc21357e504.jpg,102,177,173,357,Good Posture
Frame1227_jpg.rf.1f3ac8e0b44af170985ca67a304c43ab.jpg,110,177,176,357,Good Posture
Frame1399_jpg.rf.21b3b7fd3b9ca62c38f13542477084ad.jpg,223,179,292,357,Good Posture
Frame683_jpg.rf.1d5172bbf4d5d49db5bd1c818b2195ca.jpg,98,181,183,360,Good Posture
austin_Frame412_jpg.rf.215bb08dadd5aaa51986f2819f89b267.jpg,76,168,146,349,Good Posture
austin_Frame746_jpg.rf.22116c5b87f7defb0ce1942f75067eed.jpg,47,167,137,352,Good Posture
Frame1187_jpg.rf.223cfa45c467ce5e2a1644022eb7cf2e.jpg,327,181,388,358,Good Posture
Frame706_jpg.rf.2194cd91d4befd5315a3d26411d642e2.jpg,195,179,277,360,Good Posture
austin_Frame765_jpg.rf.204bbed44dbb5604b4b911e27ead3462.jpg,148,165,236,351,Good Posture
austin_Frame625_jpg.rf.213909e59cb5b5c72a5ab98d8185bf8b.jpg,258,166,327,351,Good Posture
Frame1188_jpg.rf.2308190f3da12f06dfbf9c6f51f5c795.jpg,322,182,383,361,Good Posture
Frame1433_jpg.rf.22be9e3029493a7d610802da38c9b7b7.jpg,388,177,456,364,Good Posture
Frame517_jpg.rf.22bbac9425cfadceabba2e638d49ddcd.jpg,370,179,437,361,Good Posture
austin_Frame425_jpg.rf.23313c5ea0146bd50f297e88c5439cec.jpg,146,169,222,351,Good Posture
Frame675_jpg.rf.22b3c009e025017eb40f1a9b54e051e4.jpg,70,183,151,357,Good Posture
austin_Frame265_jpg.rf.22bbf776988f4ea4b88c3829b02d2629.jpg,172,161,255,353,Good Posture
ashlee_Frame490_jpg.rf.233fd7415f4d79286d76d85c46ece548.jpg,208,142,281,333,Good Posture
austin_Frame656_jpg.rf.2214740db5e51cf8b76ca37ca193dc8c.jpg,80,165,157,347,Good Posture
Frame1361_jpg.rf.235a80a273cf64353360f0bfcdbf6b8f.jpg,79,182,145,360,Good Posture
Frame1568_jpg.rf.2347ecd7812374753aa1782a21af058b.jpg,252,180,319,359,Good Posture
austin_Frame655_jpg.rf.21a5390accb104b268aeadad56b4ea46.jpg,85,167,159,349,Good Posture
austin_Frame1849_jpg.rf.248020f56e10742baed820354a8f3764.jpg,240,178,305,359,Good Posture
Frame173_jpg.rf.2473637794c14efd6ccf266fd5c0ad2d.jpg,344,179,408,363,Good Posture
Frame207_jpg.rf.264abc0939e990c897aba16552a21d77.jpg,179,179,236,359,Good Posture
Frame730_jpg.rf.2450d627022156a1fd8f30e432de6800.jpg,319,173,386,361,Good Posture
Frame179_jpg.rf.265f150297dd08d9da4cfbcc9b8215cf.jpg,316,177,382,360,Good Posture
Frame230_jpg.rf.25975d713950b1ec55ee6118e01b1bad.jpg,59,183,129,355,Good Posture
Frame166_jpg.rf.2702742add5cada53aa2f8b64fb41baa.jpg,378,179,454,359,Good Posture
ashlee_Frame266_jpg.rf.2614412886b1718a0a68aa3596e2ec72.jpg,164,145,242,332,Good Posture
ashlee_Frame833_jpg.rf.268eba0e0b3b89954d15879b7ff14a8f.jpg,270,171,349,358,Good Posture
Frame832_jpg.rf.267ae706b75f494510d87f7c20cdd734.jpg,354,176,423,360,Good Posture
Frame177_jpg.rf.269deb2a57ef508ba954f0a9afee12ae.jpg,327,176,389,360,Good Posture
Frame1374_jpg.rf.276300e5ff8a602f41cb636f6b84cef3.jpg,122,181,191,359,Good Posture
ashlee_Frame729_jpg.rf.287aef429f8aaf285719209d4b44fb9d.jpg,232,140,299,331,Good Posture
Frame886_jpg.rf.24a6dabd3605a451b4629514f80e7452.jpg,142,183,215,359,Good Posture
ashlee_Frame933_jpg.rf.27dcebd8ecafc15ea72185a1f86e5868.jpg,198,147,271,333,Good Posture
Frame1039_jpg.rf.266f87cf3429a5f0dd43935bac5ef56c.jpg,312,173,378,359,Good Posture
ashlee_Frame918_jpg.rf.27b0e8e9f3583112dcc5d33cdc9bd1c1.jpg,112,145,185,333,Good Posture
Frame357_jpg.rf.28ffa257d9143f8c3e911682bfe47eb5.jpg,146,181,214,358,Good Posture
austin_Frame1858_jpg.rf.2975212682d344d9b601d135cc35b8b4.jpg,196,178,265,361,Good Posture
Frame1542_jpg.rf.275bab39aa6af8d64c9ed81806502db0.jpg,406,181,458,362,Good Posture
Frame395_jpg.rf.257ec6c756e9e4bda19e9299d36f9b71.jpg,324,181,389,359,Good Posture
ashlee_Frame382_jpg.rf.28c14bcca75e0896ada3d2a75dac350f.jpg,294,165,366,357,Good Posture
Frame1563_jpg.rf.28df71a008c11be7e52aba4b8675fb8d.jpg,278,181,340,361,Good Posture
Frame563_jpg.rf.29a272d204173bc926a578ff66673506.jpg,203,181,267,360,Good Posture
ashlee_Frame83_jpg.rf.2754a7bd60e1b4c3f00c6b7887901cfd.jpg,294,168,373,359,Good Posture
Frame401_jpg.rf.2b646e1e7ebfe7042fab9682e6ecd9dd.jpg,357,183,426,363,Good Posture
ashlee_Frame957_jpg.rf.2ab44f8c2334864a3288aed4c38fe247.jpg,326,148,401,333,Good Posture
Frame1572_jpg.rf.2b6b15b373f9fb7e67fb73621239d38a.jpg,222,182,282,358,Good Posture
Frame998_jpg.rf.295382a4829d200638aff19b7d72a658.jpg,113,173,184,359,Good Posture
Frame824_jpg.rf.29bdefb2bce93fe697ebf503d2df2763.jpg,394,177,452,361,Good Posture
ashlee_Frame523_jpg.rf.2b3bb6cd246a009de475ac572fde3299.jpg,390,147,453,337,Good Posture
Frame1013_jpg.rf.2b7027229529e76d7ec7cb9c0f090119.jpg,190,177,257,359,Good Posture
Frame561_jpg.rf.2980330694aba1ea33b7a99145536839.jpg,213,181,276,359,Good Posture
austin_Frame637_jpg.rf.2806e33684431015958d8a9dd8f7d1bd.jpg,192,171,267,353,Good Posture
Frame1381_jpg.rf.29a4116941c2f35f4b44ff303333de25.jpg,155,183,220,359,Good Posture
Frame1569_jpg.rf.2ac4bafb0ca393d28764a916b2c48196.jpg,246,181,314,359,Good Posture
Frame836_jpg.rf.2a5998f929f268a95046c7d5d4eda6ff.jpg,339,174,411,361,Good Posture
austin_Frame411_jpg.rf.2b661230b12ce0e66c04df50fd2551ca.jpg,69,174,145,348,Good Posture
ashlee_Frame416_jpg.rf.2d38018d787c7717577bb8ce7a36f9b9.jpg,158,163,232,356,Good Posture
austin_Frame409_jpg.rf.2d6dfaeddadf4c30be8a398935f2c6a9.jpg,61,167,135,349,Good Posture
Frame536_jpg.rf.2cda7f0097bcc15d431a3ac44f9375c9.jpg,308,179,371,360,Good Posture
austin_Frame798_jpg.rf.2b799c731fef36e0eee132f21d95a89d.jpg,344,153,421,353,Good Posture
Frame1190_jpg.rf.2c2c5046a88b8d51e1489961a75fb5f7.jpg,313,179,375,361,Good Posture
ashlee_Frame59_jpg.rf.2d16417b1f3f44878cce357f5cd1f924.jpg,188,174,248,355,Good Posture
Frame512_jpg.rf.2cf2450d340b1aaf0bf4fbfa4df19d90.jpg,390,178,451,361,Good Posture
Frame214_jpg.rf.2c249b0b179dbe2ce428e2479c17656c.jpg,142,180,206,358,Good Posture
Frame889_jpg.rf.2dbf9046ab8e619f07439412da0b6ecf.jpg,130,183,203,359,Good Posture
austin_Frame638_jpg.rf.2e352e7cf38201a8f477556394e9b4e3.jpg,184,169,258,351,Good Posture
Frame1233_jpg.rf.2b950d228b5212b7c5f839bba1fc9999.jpg,80,175,152,357,Good Posture
Frame1553_jpg.rf.2e999363b80e90915f0dc651a5489180.jpg,352,179,426,361,Good Posture
ashlee_Frame73_jpg.rf.2e981242279ebbb2fd2da874f8c7d147.jpg,242,165,312,356,Good Posture
ashlee_Frame733_jpg.rf.2e5c8720f99a4a9968a8b9039bbe45c9.jpg,211,146,281,331,Good Posture
ashlee_Frame255_jpg.rf.2f36ac698983d77c39ef41b59c3a3d89.jpg,218,143,289,333,Good Posture
Frame348_jpg.rf.2f49d6af4ab1de86d6c90be8682b04f7.jpg,98,175,172,358,Good Posture
Frame184_jpg.rf.2c4b5d2bb8772a17c36cd419457ec167.jpg,294,177,360,361,Good Posture
ashlee_Frame754_jpg.rf.2e41fb95e4b4cf2c6d196f5331623b57.jpg,102,142,170,332,Good Posture
austin_Frame423_jpg.rf.2f17563ad48c1924dd6cbaf1b5061843.jpg,138,169,209,348,Good Posture
ashlee_Frame367_jpg.rf.2ed74e5f01cbce3a66e2650f74778ace.jpg,356,165,431,357,Good Posture
Frame363_jpg.rf.2e52695c88f0d083f9f5b7f6b30be6ab.jpg,186,176,249,359,Good Posture
Frame1006_jpg.rf.2f71ff0bda92e24f27ef8b302ccf5ec8.jpg,153,176,222,360,Good Posture
austin_Frame654_jpg.rf.2fc32ccce54a2a29d1fa81a506cc7382.jpg,91,166,163,349,Good Posture
Frame1559_jpg.rf.3090eb3f5a2690d1fc75e5d1ed017feb.jpg,315,184,381,362,Good Posture
ashlee_Frame709_jpg.rf.2f412f1c0342db6881be1551e83fe157.jpg,340,147,409,335,Good Posture
Frame371_jpg.rf.2f250ad90c508e9e4333fb414853ea3a.jpg,219,173,280,359,Good Posture
Frame572_jpg.rf.2fef8e7d1a709e34293526b1b3c46cb0.jpg,164,178,228,358,Good Posture
austin_Frame1815_jpg.rf.31b1789fb07436f1f73ca17ad88e2f89.jpg,396,179,469,363,Good Posture
Frame1035_jpg.rf.3105b42893ef8d04cff024de5447d420.jpg,295,176,363,357,Good Posture
austin_Frame772_jpg.rf.33a8ce254ca4b4523f2df5bfe1a24886.jpg,195,164,285,354,Good Posture
austin_Frame645_jpg.rf.330eacc54741b424d59e66a3a57e62c8.jpg,134,168,213,355,Good Posture
Frame405_jpg.rf.33281f870af807790e3c4ce39613157b.jpg,373,180,441,361,Good Posture
austin_Frame1821_jpg.rf.3450e8cfefed5cb5c391b9bbb8a72a25.jpg,375,180,447,362,Good Posture
austin_Frame432_jpg.rf.2e449a8df985e549b521dd9ac4253fbf.jpg,185,169,260,351,Good Posture
austin_Frame774_jpg.rf.311df71a0ff5f57483b57c8669673243.jpg,211,163,294,353,Good Posture
Frame1189_jpg.rf.31d19b61cc68727f986ba471f5ea5113.jpg,318,181,376,357,Good Posture
Frame1581_jpg.rf.33b71599ddc639bafe16690640f04f4f.jpg,158,182,219,355,Good Posture
Frame1368_jpg.rf.345aecd5bb264b8cb57611d2ed007332.jpg,101,183,172,359,Good Posture
Frame191_jpg.rf.2f5606edb7eaa651804777e8a93145a2.jpg,258,181,323,360,Good Posture
Frame1184_jpg.rf.32d8fbba74624a1408f529cd4b058f9f.jpg,342,183,407,361,Good Posture
Frame407_jpg.rf.33bf8ad524fa81abd34c973436118c66.jpg,384,177,456,362,Good Posture
Frame1026_jpg.rf.34fce93d8af73b0c6c467062bf1df938.jpg,249,177,314,359,Good Posture
Frame369_jpg.rf.33a5c88335657c73186aff9104348f95.jpg,213,173,273,361,Good Posture
ashlee_Frame501_jpg.rf.3205297638a9f6514654d7ae05907d60.jpg,274,148,340,334,Good Posture
austin_Frame280_jpg.rf.345bf1a140bb551df116ec5160ab7f55.jpg,92,163,168,347,Good Posture
Frame678_jpg.rf.31295a3174c0214d9563b5799d837b20.jpg,82,183,165,359,Good Posture
austin_Frame422_jpg.rf.3552df0cd86f599213886d98936b5227.jpg,134,171,206,351,Good Posture
austin_Frame658_jpg.rf.352be3f36bc51ede0843103b96fbb959.jpg,61,167,141,349,Good Posture
ashlee_Frame929_jpg.rf.39db30c4fe8e9649031453a6e5ab799c.jpg,178,150,247,333,Good Posture
austin_Frame430_jpg.rf.3a7e7ae43aaed194211067f18c1e4b30.jpg,174,169,249,351,Good Posture
austin_Frame263_jpg.rf.3a9f45f18480e83371f065f73a801789.jpg,186,158,268,351,Good Posture
Frame518_jpg.rf.375291fb3fed980173f08c40190ab675.jpg,367,177,434,362,Good Posture
ashlee_Frame394_jpg.rf.3a26e05b29c55c61ee1680e7bfd70fad.jpg,242,166,315,357,Good Posture
Frame1401_jpg.rf.380af5be37a5fd35e61e551c5efe1cd2.jpg,235,181,301,360,Good Posture
ashlee_Frame637_jpg.rf.3b8309cb52e7d10f624430797575ef4a.jpg,358,175,418,358,Good Posture
ashlee_Frame588_jpg.rf.36ae9a06bcf6e32914abf05b2ca2398a.jpg,162,167,221,347,Good Posture
ashlee_Frame629_jpg.rf.3afc25db749a974f3e645de05c689de3.jpg,326,173,385,359,Good Posture
ashlee_Frame878_jpg.rf.3b0caea6cf588c1c98b75cca14082d60.jpg,76,169,140,355,Good Posture
Frame1566_jpg.rf.394a4cb9353546c579c0be883e1bad51.jpg,266,181,330,359,Good Posture
Frame378_jpg.rf.37b206b6d075267c7f45e427be932af9.jpg,251,176,311,358,Good Posture
ashlee_Frame47_jpg.rf.36e23809c4d66b5b4c36aef5371d83b7.jpg,124,175,185,355,Good Posture
Frame167_jpg.rf.3b606a4816402e55f67761c50bec7fe5.jpg,374,180,455,362,Good Posture
austin_Frame650_jpg.rf.3cb3f9d14b3a9db63c2f11caef4881cd.jpg,114,166,182,351,Good Posture
Frame380_jpg.rf.3cd2c408d60e6b563d92110b906ca629.jpg,261,179,324,360,Good Posture
austin_Frame793_jpg.rf.3d244ff4709cc24e8069f4ab2b21bcba.jpg,319,161,398,354,Good Posture
ashlee_Frame581_jpg.rf.3cb11444834ea787ebe4bc3c9d259c0d.jpg,134,167,197,356,Good Posture
Frame901_jpg.rf.3d9dc42cae8ad74bd1295e243f2bb81c.jpg,82,187,150,356,Good Posture
Frame1183_jpg.rf.3c877aacaf16317136564b83db715825.jpg,348,183,411,362,Good Posture
Frame1388_jpg.rf.3c741baa11c59d887ade496dfb9355b2.jpg,182,178,246,359,Good Posture
austin_Frame277_jpg.rf.39b4c727bdc8a4fa0d1d4628decab7fc.jpg,112,163,187,353,Good Posture
Frame1027_jpg.rf.3d958343e99678156bac1b8d8229ca4f.jpg,254,179,318,359,Good Posture
austin_Frame258_jpg.rf.3552b6db1b433e004b8bcbfd9e1ac61f.jpg,221,163,301,351,Good Posture
Frame172_jpg.rf.3dbfa31ace5e5746ffd3023d1d676e8d.jpg,349,181,416,360,Good Posture
austin_Frame751_jpg.rf.3c68bd97c5531a2345b922482dc7ceec.jpg,66,169,159,349,Good Posture
austin_Frame782_jpg.rf.3c261677ea3ee046522854c3b1395550.jpg,254,159,334,354,Good Posture
Frame523_jpg.rf.3ba42b23c2683cd5711805a69f51bbd6.jpg,352,177,419,362,Good Posture
Frame1054_jpg.rf.3d6902f0d71201e31d8ad9714581b389.jpg,373,177,438,360,Good Posture
Frame703_jpg.rf.3dfaecce30b18d6418be797818213fed.jpg,182,179,265,361,Good Posture
Frame1543_jpg.rf.3ba3c2a4d1e3edcc1d696661c0731163.jpg,400,178,454,363,Good Posture
ashlee_Frame849_jpg.rf.3dc9eeac4cac891d5d7a55fb6fec98d4.jpg,195,165,261,356,Good Posture
Frame1185_jpg.rf.2d7844ff860450a29386400811bd02f3.jpg,338,185,400,361,Good Posture
Frame1405_jpg.rf.7dd5682e61f78c6878d7ce85aac4e594.jpg,263,179,322,359,Good Posture
Frame997_jpg.rf.7ddcc86362cd67120a40a2e226624fa2.jpg,110,174,179,359,Good Posture
Frame1557_jpg.rf.7d426ba7fbfa77c8040c99ee126d1ffa.jpg,328,184,395,361,Good Posture
ashlee_Frame373_jpg.rf.7db58a303c1e8e0dd312d070179b77a2.jpg,332,167,408,357,Good Posture
ashlee_Frame619_jpg.rf.7e1a1cea38eb6ad911ac1abba9d36008.jpg,272,169,337,355,Good Posture
Frame717_jpg.rf.7e15494562e2bab28ea04a127c9161ca.jpg,253,179,330,361,Good Posture
Frame570_jpg.rf.7e21d7c9a205a75f0f742d84d56b666d.jpg,168,176,231,359,Good Posture
Frame347_jpg.rf.7d77de5f1c09c38ed7d3eb3b4bc365c9.jpg,92,177,169,358,Good Posture
Frame381_jpg.rf.7ee7cb3d7487eb06239e5c44f50acbab.jpg,263,183,330,357,Good Posture
Frame860_jpg.rf.7d980514fa86e4e5afbd45c70aa231e0.jpg,247,179,312,361,Good Posture
Frame897_jpg.rf.7f251764dac255bdfa232091023f2306.jpg,103,189,176,361,Good Posture
ashlee_Frame521_jpg.rf.7f6477183791709217146bb98f6a622c.jpg,380,146,446,334,Good Posture
Frame1431_jpg.rf.7e2288af0e4e54f2375f0dd382cd52b0.jpg,381,177,444,363,Good Posture
austin_Frame439_jpg.rf.7e59ba2a5748242ba124ac458fab9403.jpg,237,171,297,350,Good Posture
ashlee_Frame75_jpg.rf.7d80aa45fc9f2a69c81bc98fd89867c8.jpg,246,164,322,357,Good Posture
ashlee_Frame961_jpg.rf.7e94e7265983a26a80d4428857373fa6.jpg,343,147,421,334,Good Posture
ashlee_Frame885_jpg.rf.810c556b7b88858158e9073ef2c24ec8.jpg,50,167,121,356,Good Posture
Frame1365_jpg.rf.7fba47112c307b45eefd783aa6bdb7b4.jpg,88,183,159,360,Good Posture
ashlee_Frame398_jpg.rf.7fd0143a81804c713268741e55efef64.jpg,226,163,293,355,Good Posture
ashlee_Frame556_jpg.rf.7f903ce65fd03d0cde9836c16147eeee.jpg,26,162,100,356,Good Posture
ashlee_Frame715_jpg.rf.808c5ce1079d47486a03b4d4ce736689.jpg,310,147,382,333,Good Posture
austin_Frame278_jpg.rf.8134ed5a1d36f200483f42d40db91959.jpg,102,165,185,351,Good Posture
austin_Frame286_jpg.rf.80ca502d7bad363589af0c065407e445.jpg,52,154,130,345,Good Posture
austin_Frame795_jpg.rf.81971616ac97cadefb765b218c50364a.jpg,326,152,409,353,Good Posture
Frame1545_jpg.rf.81abfe3c80eb96f150489ab5903c3ba6.jpg,390,178,457,361,Good Posture
Frame525_jpg.rf.8106248a162a67cd9b4c504b110e51ff.jpg,348,177,412,363,Good Posture
Frame1546_jpg.rf.81672ce3924af797da23731712ef8529.jpg,384,178,453,363,Good Posture
Frame195_jpg.rf.81b47c1f21e9044030b5a8bd75d06dea.jpg,233,177,292,359,Good Posture
ashlee_Frame938_jpg.rf.81ae97b819ed10dce3f73f51f160b393.jpg,224,143,293,331,Good Posture
Frame1031_jpg.rf.81e3e0759d45cffbd175f46304cbcf2e.jpg,275,178,339,360,Good Posture
Frame343_jpg.rf.81bf49f8fe0af61b320fe1a9089f22d3.jpg,72,177,151,359,Good Posture
austin_Frame448_jpg.rf.826efecf950be0912dc043a8797a7e10.jpg,288,165,349,350,Good Posture
ashlee_Frame225_jpg.rf.82a339dac47313b60338a6e524433d42.jpg,384,148,449,335,Good Posture
Frame1014_jpg.rf.830531fea11177596bfc85fd8d044b3b.jpg,194,177,262,357,Good Posture
Frame1012_jpg.rf.83483b5135ff1865aeed593af65176c6.jpg,186,177,255,359,Good Posture
ashlee_Frame858_jpg.rf.8389a80e33cad95582a734a119c32e37.jpg,159,163,235,357,Good Posture
Frame535_jpg.rf.837743e47b9d86e0a3428c891986f6bb.jpg,312,180,375,361,Good Posture
ashlee_Frame469_jpg.rf.83944e1dc90b951fec7ecd2413d762de.jpg,82,145,161,331,Good Posture
Frame1179_jpg.rf.8508b751254c21dc2c9f417faa08bb46.jpg,366,181,430,361,Good Posture
Frame1544_jpg.rf.858574878ba58f89f3ec8a312fa38247.jpg,397,178,457,361,Good Posture
Frame539_jpg.rf.83cba9ed8fabbe92f90b2934d1433095.jpg,294,181,353,360,Good Posture
Frame566_jpg.rf.863eb8f61b750694ad7447b4c1c9b9dd.jpg,185,177,247,358,Good Posture
Frame861_jpg.rf.858cec0f86faf17cca79e97a88e78e2e.jpg,243,180,310,359,Good Posture
Frame384_jpg.rf.834729ddcb07ead4cdf5485b28e045d9.jpg,287,177,346,361,Good Posture
ashlee_Frame430_jpg.rf.85bed736920c18c2661311aa96762f5e.jpg,107,167,170,352,Good Posture
Frame892_jpg.rf.8683a4d881d52a5fdf94d772054bf4ca.jpg,120,186,190,359,Good Posture
ashlee_Frame510_jpg.rf.86ca7b5d7f227d3e65adc69700aef95a.jpg,314,144,387,334,Good Posture
austin_Frame1842_jpg.rf.84f6dede0df5760ef12ee725c7a7db7a.jpg,278,182,349,360,Good Posture
Frame881_jpg.rf.87edaeb549fcda8704a35f3f5f7df491.jpg,158,185,238,363,Good Posture
Frame834_jpg.rf.87ef56456919bddb37cda8f6ea92627d.jpg,346,175,416,363,Good Posture
Frame1042_jpg.rf.83a8137f742e0bf2e7bfc5b26bb1bcd8.jpg,321,173,384,361,Good Posture
Frame1587_jpg.rf.88bce04d25b8ff9d4575fe395169f1e6.jpg,96,178,162,359,Good Posture
Frame1422_jpg.rf.8848983018d7c257a44463cf447094b4.jpg,327,181,400,362,Good Posture
Frame694_jpg.rf.889b10662dd66723185f0e7f1bb42f29.jpg,141,185,222,359,Good Posture
austin_Frame250_jpg.rf.875256754bff55f28bb9c35fac58361c.jpg,262,163,348,353,Good Posture
ashlee_Frame830_jpg.rf.87fc661ff82f8fcda6e4d6df15f4653a.jpg,287,168,361,357,Good Posture
austin_Frame779_jpg.rf.88298bfe9366224518ec7e58442fb37a.jpg,239,158,322,352,Good Posture
Frame992_jpg.rf.8824928d33aae59d9abed6fe400f947c.jpg,90,176,161,359,Good Posture
Frame544_jpg.rf.89d4ea72de77e4278feb04dfac227f02.jpg,271,180,334,360,Good Posture
Frame1378_jpg.rf.895e1290ff554f30bd5eac57479121ed.jpg,137,183,205,360,Good Posture
Frame204_jpg.rf.89089e1f7804b87f78143540a79b1a19.jpg,191,177,250,361,Good Posture
ashlee_Frame262_jpg.rf.8925f075bd7e35aa2e6cbb07a8a1a6c4.jpg,182,145,262,335,Good Posture
Frame1371_jpg.rf.8afa63787c17a36d959ab97aa1e1f3a3.jpg,110,181,182,357,Good Posture
ashlee_Frame421_jpg.rf.8ba837b506d96b889c83bf8d07c49c9b.jpg,141,166,204,353,Good Posture
ashlee_Frame751_jpg.rf.88eabffb929fe10d1fb461b36386f1e2.jpg,120,146,183,331,Good Posture
austin_Frame438_jpg.rf.8bbb91f4bed1ba801049acd8c2ccfcba.jpg,232,167,293,351,Good Posture
ashlee_Frame85_jpg.rf.8bbbb2a310fc53891694766c4da660c3.jpg,307,169,380,356,Good Posture
Frame872_jpg.rf.893c4191de2ee0b32a77d7cca193b916.jpg,200,187,275,361,Good Posture
austin_Frame419_jpg.rf.86705dcb8dd9e8c42bc48003aeacf46b.jpg,120,171,185,350,Good Posture
Frame996_jpg.rf.88da3fb49deb88a565bf031f6b51c68b.jpg,107,173,177,357,Good Posture
Frame1011_jpg.rf.8c700ae3af29b9725c70c93248c36db3.jpg,180,177,248,359,Good Posture
austin_Frame245_jpg.rf.8b5b64d935a1e3f654e313096a79e89d.jpg,294,163,376,353,Good Posture
austin_Frame794_jpg.rf.8bf6e5384b00a9ead9986a1a37047f07.jpg,320,159,399,353,Good Posture
austin_Frame405_jpg.rf.8ae909aa6c162dc33c5e9d1b8c066a88.jpg,33,167,108,349,Good Posture
Frame1010_jpg.rf.8d40c0e28b06ad4606e0ace893be2df3.jpg,176,177,243,359,Good Posture
ashlee_Frame228_jpg.rf.8d8c3e5c5626954608ed551082cde64c.jpg,366,145,431,335,Good Posture
Frame1216_jpg.rf.8ced37f7c3403572321a8604faf15877.jpg,182,177,245,361,Good Posture
ashlee_Frame883_jpg.rf.89d21a88d4ad9f62e2604a0804fff159.jpg,56,166,126,352,Good Posture
Frame224_jpg.rf.8dfe5d0611a07e9ff4c12d8450a4d8ef.jpg,92,176,164,355,Good Posture
Frame852_jpg.rf.8dba3d2aaa5c073a70495bc917d3b8d6.jpg,274,179,341,359,Good Posture
ashlee_Frame244_jpg.rf.8e3e62f8e6646fb31d28a5b390f0ef3d.jpg,276,150,350,335,Good Posture
ashlee_Frame740_jpg.rf.8e00e680244b471ad8bfcfceb5589ed8.jpg,168,147,241,333,Good Posture
austin_Frame421_jpg.rf.8efc3f0d9451d5a31aa1e278fe64cf9e.jpg,128,171,199,349,Good Posture
ashlee_Frame432_jpg.rf.8f52525e5f07aa1f504f4ed3fb09696a.jpg,102,171,165,355,Good Posture
ashlee_Frame824_jpg.rf.8f2b2fbd54c92963ffb6c61ad70015d7.jpg,306,172,379,356,Good Posture
Frame553_jpg.rf.8cc87c3d3891e743fe8397de06344abe.jpg,240,175,301,359,Good Posture
austin_Frame763_jpg.rf.8e3ad1fec38272eafd4a47f35e76fc4c.jpg,142,165,231,351,Good Posture
ashlee_Frame78_jpg.rf.8c9a2327249808b0b6f82251752f79ec.jpg,264,169,338,357,Good Posture
Frame696_jpg.rf.8f84063a8c0a8ed8b6c7b1152a43dd33.jpg,153,181,237,360,Good Posture
ashlee_Frame745_jpg.rf.9195900e51589b849946a9e99b59c468.jpg,143,144,204,332,Good Posture
ashlee_Frame87_jpg.rf.8d3bbf959baf70249519036299cbbf3a.jpg,316,170,376,359,Good Posture
Frame1231_jpg.rf.9016891db8b7c90aebef3411f5a352f4.jpg,92,175,159,358,Good Posture
Frame1367_jpg.rf.8da7e56639305f5831fd799ac1c9dd79.jpg,96,179,170,357,Good Posture
ashlee_Frame956_jpg.rf.8e52c01de85be92b9c60495bb1abba09.jpg,317,146,389,334,Good Posture
Frame573_jpg.rf.8f4361259e13410f234fde03e733fc16.jpg,160,177,223,357,Good Posture
austin_Frame609_jpg.rf.919fb65de44a643b040c89ec1e10da52.jpg,346,165,414,351,Good Posture
austin_Frame413_jpg.rf.933aa7d60063857772dfa3228b7be4f5.jpg,86,173,152,349,Good Posture
Frame732_jpg.rf.90473e75fd2efc16668c05e2b6a96fe1.jpg,334,177,400,361,Good Posture
Frame541_jpg.rf.92f76da099e6ed1760a23b12aedf911d.jpg,281,177,343,361,Good Posture
ashlee_Frame851_jpg.rf.93a1760881a615209ac4cc2cafa0e3f0.jpg,188,164,256,356,Good Posture
Frame1357_jpg.rf.927cd133424c4af9ef7a4a46734fe64a.jpg,57,187,129,361,Good Posture
austin_Frame410_jpg.rf.94e98a58d0eba20538a47dae98d60696.jpg,65,169,136,346,Good Posture
Frame1574_jpg.rf.94ed1bb0a1a9d422f6dd84a767b1d539.jpg,206,184,270,363,Good Posture
ashlee_Frame959_jpg.rf.9531e9394f159b4f12346a2595ea2eef.jpg,334,148,409,335,Good Posture
Frame344_jpg.rf.9438ffdbf0e66f55bfe015707324ad89.jpg,76,176,154,358,Good Posture
Frame1215_jpg.rf.950c927d6911cf491e190e7b81b3398d.jpg,186,177,250,360,Good Posture
austin_Frame777_jpg.rf.936b579e445a1d188935fca245062f33.jpg,228,161,312,355,Good Posture
Frame1419_jpg.rf.93b8ccd8ee60ce0a9b0fe5962d29e567.jpg,311,181,385,361,Good Posture
Frame1402_jpg.rf.952820371a0055c15ceef56e866208da.jpg,242,182,305,359,Good Posture
Frame188_jpg.rf.915b8f9d56a86d0ce7a1abee3d62bec7.jpg,274,179,340,359,Good Posture
austin_Frame766_jpg.rf.93f99b2995893a37d1ebf4cc0b7990a5.jpg,156,163,248,351,Good Posture
ashlee_Frame251_jpg.rf.8ef603dfac151f19130e95c1d1294616.jpg,238,145,305,335,Good Posture
ashlee_Frame371_jpg.rf.95815f0b134cfc290e44f568704f352e.jpg,340,167,415,358,Good Posture
Frame170_jpg.rf.939448ba8f439bf691c8456665fa92fa.jpg,360,179,428,361,Good Posture
ashlee_Frame269_jpg.rf.96834ea51d3f3843e47d797b3465a402.jpg,151,148,220,333,Good Posture
ashlee_Frame249_jpg.rf.91562de118dadd90ce1086f2ce3a874c.jpg,247,146,315,333,Good Posture
ashlee_Frame921_jpg.rf.91f1b2cb14f7a628c014e68adc42b104.jpg,130,148,201,332,Good Posture
ashlee_Frame595_jpg.rf.9692b1d78c5860f02dc6338c2d3b00fc.jpg,184,169,251,357,Good Posture
Frame192_jpg.rf.95544edda5aa5ec75f22800f483c0488.jpg,246,179,309,359,Good Posture
Frame898_jpg.rf.96f772252dd822861d21aba2f7b26b18.jpg,101,185,169,359,Good Posture
Frame367_jpg.rf.95631afa33d1d36c51c76ff93157a38c.jpg,205,175,265,359,Good Posture
Frame583_jpg.rf.970a5d26e5b9b3d3439f81f8577c954e.jpg,119,181,185,355,Good Posture
austin_Frame646_jpg.rf.9721ff1151f21652a2995ac5a2bb1a51.jpg,132,169,203,351,Good Posture
ashlee_Frame813_jpg.rf.9846d6f78f2e482f0ec408aa6b55981d.jpg,359,169,429,360,Good Posture
Frame1570_jpg.rf.972c44d422ed8fb9143773b3d40668c3.jpg,241,180,307,360,Good Posture
Frame673_jpg.rf.99716c1da84b03d575730f3d109d242e.jpg,59,187,143,359,Good Posture
austin_Frame1856_jpg.rf.9c5e15fc84df110a8405821065b5c864.jpg,205,178,273,360,Good Posture
ashlee_Frame864_jpg.rf.981194587fde7c93f5fef415bf2558bf.jpg,134,168,209,355,Good Posture
Frame350_jpg.rf.9be2d6e82a8b027bc99b0b0e7ebb60a4.jpg,107,178,182,355,Good Posture
austin_Frame780_jpg.rf.97acfbdad3c71d3750fcf6777ba802d6.jpg,242,161,321,352,Good Posture
ashlee_Frame704_jpg.rf.961aeda27c07b8e5431bcf0946851267.jpg,365,147,431,335,Good Posture
Frame574_jpg.rf.9d475a544d6351d23df5862d0e0fd3ca.jpg,158,177,221,357,Good Posture
austin_Frame251_jpg.rf.9bd0d5edafccbe3f2353c967ada92090.jpg,257,163,341,351,Good Posture
ashlee_Frame71_jpg.rf.97f801a2758e4f2b84d6da0ac7b42619.jpg,232,166,307,356,Good Posture
austin_Frame791_jpg.rf.97ae5c313dd88a26ecb70aecb3558ef9.jpg,303,165,385,353,Good Posture
Frame744_jpg.rf.99f6b43c732b6b43c2ef960bc1df2ab0.jpg,400,177,460,360,Good Posture
Frame1549_jpg.rf.9f1d8c39ebfaa40afeec16c1ad449f26.jpg,368,179,436,360,Good Posture
Frame385_jpg.rf.9e3f669d37b6537215438c8d07ec97ee.jpg,289,178,354,359,Good Posture
Frame736_jpg.rf.9cecaf87f6c765cd0237e3531d05f7b8.jpg,358,180,426,361,Good Posture
Frame206_jpg.rf.9f92613d99578272a13bdc4e4aee6461.jpg,185,179,241,358,Good Posture
Frame847_jpg.rf.9d07577aa2b1cdc32006989b916cbdc4.jpg,296,178,369,359,Good Posture
austin_Frame1867_jpg.rf.97b29eae7cfc18d314c212a29682faaf.jpg,150,179,213,358,Good Posture
austin_Frame455_jpg.rf.989ceed5c02b64c295a30e68f8b8507d.jpg,328,169,390,353,Good Posture
Frame692_jpg.rf.9b9b25e8b9bc0a526f7dab4b49a83acb.jpg,132,181,211,361,Good Posture
Frame1404_jpg.rf.9e0f79b766b1be35e33d947abe0306ac.jpg,257,181,318,358,Good Posture
ashlee_Frame445_jpg.rf.9fbc3f2df110ea9483ab7f5590f9a73c.jpg,56,169,135,356,Good Posture
ashlee_Frame519_jpg.rf.a00c32e56efc5740af55467c432fdf2c.jpg,370,149,437,333,Good Posture
Frame589_jpg.rf.9a74960006d02e0b438c02a2d7ed46db.jpg,90,180,157,359,Good Posture
ashlee_Frame285_jpg.rf.9a881fe27a1697b536e3f85a6077ffe9.jpg,76,147,153,332,Good Posture
ashlee_Frame701_jpg.rf.a07e3099dc45c146a488d387ef0733c7.jpg,386,148,453,336,Good Posture
ashlee_Frame276_jpg.rf.9f152d046b34ce24e74150c388575402.jpg,118,148,184,331,Good Posture
Frame690_jpg.rf.a091720852be21add286123d692963d5.jpg,124,183,203,361,Good Posture
ashlee_Frame487_jpg.rf.a0d1c727aab66e7fbafa9b9314ede1b4.jpg,194,141,267,335,Good Posture
ashlee_Frame815_jpg.rf.a1696e2c5cf14fe760267452ae354d59.jpg,349,170,425,360,Good Posture
austin_Frame420_jpg.rf.a22e02efcd8f87adb09f3a6b53de5fd7.jpg,128,171,193,348,Good Posture
ashlee_Frame820_jpg.rf.a033bfa50c7c1a51035238b2f031b0cb.jpg,325,171,394,357,Good Posture
Frame1369_jpg.rf.a266280c89d1486ddfbfa3c664a6ac07.jpg,102,179,175,356,Good Posture
Frame1178_jpg.rf.a2f29654b788a93bcecb46705c5d87d6.jpg,370,181,434,361,Good Posture
Frame392_jpg.rf.a23fd5df15a868f65f096c8402580773.jpg,313,178,376,357,Good Posture
Frame830_jpg.rf.a24cf4141f40335846efee21762aa9df.jpg,363,175,431,364,Good Posture
Frame1030_jpg.rf.a3bf13cb2b0bcdd705e886d4664cf0eb.jpg,270,179,336,361,Good Posture
Frame742_jpg.rf.a346e34176d625951f5101fd91910a31.jpg,386,175,454,363,Good Posture
Frame1024_jpg.rf.a08ec02993e459d210bc5d9559ed7ce5.jpg,239,175,304,357,Good Posture
Frame858_jpg.rf.a2b6059c574bdf9f9c75786f9db1741e.jpg,251,180,318,359,Good Posture
Frame677_jpg.rf.a3543d2c3ac1aa0ec4423dbe2c8c1fc7.jpg,79,181,163,359,Good Posture
Frame531_jpg.rf.a38f00e246b0d7428714593b0042dda3.jpg,328,178,394,362,Good Posture
austin_Frame287_jpg.rf.a44edf07db19e43ac51682b751e31e00.jpg,52,159,129,347,Good Posture
austin_Frame611_jpg.rf.a11c315ecabf9fd98aec71f0ab9cffae.jpg,334,161,406,353,Good Posture
Frame1044_jpg.rf.a453f93b5e8eb19e8c28b60932dfa712.jpg,335,174,398,361,Good Posture
ashlee_Frame711_jpg.rf.a3c8a87a04527bb232dbb6392ca445cd.jpg,330,147,399,333,Good Posture
Frame514_jpg.rf.a24869bd0584eeaf6f72426b097fd12c.jpg,382,180,455,362,Good Posture
Frame352_jpg.rf.a415f9659b851fce2c61c94185ca1aad.jpg,118,175,189,360,Good Posture
austin_Frame783_jpg.rf.a5004251cfe2c4f2fae0540f59eed1bb.jpg,259,157,339,352,Good Posture
ashlee_Frame578_jpg.rf.a591dafec07f959adc9fe45a35b1ceff.jpg,122,171,180,353,Good Posture
austin_Frame796_jpg.rf.a0b2762df35c7676f5b6a8e28c57ae8f.jpg,334,153,411,354,Good Posture
Frame1407_jpg.rf.a4ede2536ab4b982f6f526351f33769f.jpg,270,179,330,361,Good Posture
ashlee_Frame631_jpg.rf.a600d87100daa5f523245f3a5a7f568c.jpg,336,177,393,355,Good Posture
Frame1204_jpg.rf.a717f7fca2ad3dd477ff24f46d13a46a.jpg,244,183,309,361,Good Posture
ashlee_Frame407_jpg.rf.a6c0633d06735a101323200161800fde.jpg,190,163,257,357,Good Posture
austin_Frame1839_jpg.rf.a5e49c0fc03807e537aa46825a8303b3.jpg,296,179,367,361,Good Posture
ashlee_Frame868_jpg.rf.a67e5da7976d9c9f7859acce63685b68.jpg,119,167,188,358,Good Posture
ashlee_Frame515_jpg.rf.a818668e4885f1c5c7c8350a93c3692a.jpg,344,150,419,335,Good Posture
Frame1036_jpg.rf.a9bff837f18813ebe2555c947cdca24c.jpg,299,171,365,359,Good Posture
austin_Frame642_jpg.rf.a9607a2cc2e01362cb9f51739e38d0c8.jpg,160,173,227,354,Good Posture
Frame1588_jpg.rf.aae353b27f859df69f2b60f741e626cf.jpg,86,180,152,357,Good Posture
Frame174_jpg.rf.aa2dc93f1e821198fcbb8e5a3f03c1ef.jpg,339,179,403,360,Good Posture
Frame534_jpg.rf.aa3169c9990f66f8da2fc569e728a0a6.jpg,316,178,380,361,Good Posture
Frame1221_jpg.rf.a54082d3bb864d3ecee4ecf2a38dda79.jpg,158,179,218,357,Good Posture
Frame580_jpg.rf.a78a87f3f8a5cd05160899593c946491.jpg,129,179,197,355,Good Posture
Frame1028_jpg.rf.ab6f75029a98b6a1ecab4fcd969caabf.jpg,259,179,325,359,Good Posture
Frame527_jpg.rf.aa25661e45b337d85de4d9509910e4a2.jpg,341,177,406,362,Good Posture
ashlee_Frame963_jpg.rf.aa0429f6fa6f41c730700a647eddd2b9.jpg,350,147,429,335,Good Posture
ashlee_Frame405_jpg.rf.aa7b38edaea64e4d5f669aec0f1dbd99.jpg,196,163,263,355,Good Posture
austin_Frame627_jpg.rf.ad83c6ad88e37e0a514d0c38b943c775.jpg,248,165,316,353,Good Posture
Frame1416_jpg.rf.ad3500dd4b338b4b91457bd1e42b56b0.jpg,299,179,369,357,Good Posture
austin_Frame792_jpg.rf.a99ccf6bf9631e50f701b7ca8d31b1f1.jpg,310,163,387,356,Good Posture
ashlee_Frame880_jpg.rf.a95536d3921929e4fe2fe25912538942.jpg,67,166,137,353,Good Posture
ashlee_Frame592_jpg.rf.ae1e42d375f4952fcf2dc187d432df4d.jpg,172,169,236,352,Good Posture
Frame1038_jpg.rf.a84c963ab9dacf6c6f4f256723e2868e.jpg,307,176,375,361,Good Posture
Frame1176_jpg.rf.ae50bae2d5e9cab418fd74ba189a3477.jpg,379,179,441,361,Good Posture
Frame227_jpg.rf.ae493405999adc4d58ee0100e01573e6.jpg,81,179,153,357,Good Posture
ashlee_Frame601_jpg.rf.adbcadc6582317f0c13aa06a8cb9a2c8.jpg,209,179,273,355,Good Posture
austin_Frame431_jpg.rf.aa754db03b9e4984ba66da649ef70b01.jpg,185,170,249,351,Good Posture
ashlee_Frame375_jpg.rf.af1fd82511907bebc1494420d4b8fd1d.jpg,324,166,397,359,Good Posture
Frame868_jpg.rf.afbc950d64b57e124e0b877036efcae0.jpg,218,184,287,361,Good Posture
ashlee_Frame726_jpg.rf.ae99ca1c2ed1b8b1b07ef25089d5dbeb.jpg,250,145,317,331,Good Posture
Frame991_jpg.rf.af4372b92e7fde39e2a26a4dff2fbe2f.jpg,82,175,158,360,Good Posture
Frame1377_jpg.rf.b025d7a60dee901e503fc0a7b16539fe.jpg,134,183,202,359,Good Posture
Frame1004_jpg.rf.aaeee888813b0998381ed99a3bc4c1fb.jpg,143,175,212,364,Good Posture
ashlee_Frame876_jpg.rf.afd278bb1761d45aafcd7ebc30352512.jpg,80,168,151,355,Good Posture
austin_Frame776_jpg.rf.aecceb2ae5a209442cede2fe7afecaba.jpg,223,159,309,351,Good Posture
Frame226_jpg.rf.b04e389e0a571bd9b45949a096f98c59.jpg,83,178,156,357,Good Posture
ashlee_Frame378_jpg.rf.af0ba3c8126865f871774dcb657aa5c4.jpg,307,164,377,357,Good Posture
Frame718_jpg.rf.b0630492a485c935c5ef6895ab3e77e6.jpg,259,178,335,361,Good Posture
Frame1414_jpg.rf.b05f47b9d680872c59b898d93540df96.jpg,292,177,355,360,Good Posture
ashlee_Frame409_jpg.rf.b0c6a170638eb1e20e01b4125a907045.jpg,183,161,255,358,Good Posture
austin_Frame767_jpg.rf.b1be63e366c7d933df2e8f2e027340b9.jpg,165,163,255,349,Good Posture
ashlee_Frame389_jpg.rf.ac69d4260fb38516e5307530d530dcc6.jpg,263,163,340,355,Good Posture
Frame346_jpg.rf.ad24b447bebdc865f7bef01eb32eddfb.jpg,88,178,163,359,Good Posture
Frame1009_jpg.rf.b0de10943753b4348551d2cc3735be74.jpg,171,176,238,358,Good Posture
Frame867_jpg.rf.b1e3393b3a6a05a29d5d9707a1019652.jpg,222,182,291,361,Good Posture
austin_Frame1824_jpg.rf.b2733ed79ea6446ca794be7dd413b1f9.jpg,360,181,429,361,Good Posture
ashlee_Frame471_jpg.rf.b27b60fb9743381fe6001b2d32179962.jpg,92,147,169,332,Good Posture
ashlee_Frame621_jpg.rf.b229d6a1e8260bd63bd4711be9b10032.jpg,278,168,345,355,Good Posture
ashlee_Frame63_jpg.rf.b1e7cd4cb954562e1e1702504da1dffd.jpg,206,177,269,355,Good Posture
Frame394_jpg.rf.b140acda8e5bdd8b3f4482bd4296e125.jpg,319,179,385,361,Good Posture
Frame988_jpg.rf.b33c36ff15c80f6827ed2ec3f57d6597.jpg,65,177,144,359,Good Posture
austin_Frame621_jpg.rf.b22c2ec94eb6fc54942ba5b5991a3922.jpg,288,169,355,351,Good Posture
Frame841_jpg.rf.b1e9c2d190ed68ac1e1960b03c8f8b42.jpg,321,173,397,364,Good Posture
ashlee_Frame446_jpg.rf.b43760c678a71dac78a376cba3e5ddfa.jpg,50,170,126,355,Good Posture
ashlee_Frame280_jpg.rf.b2e682a7489ec1aaf64bde2bb94799b9.jpg,100,146,172,331,Good Posture
Frame1385_jpg.rf.b31a972c8c81a50ff6c135d8178fed4c.jpg,170,180,233,358,Good Posture
ashlee_Frame239_jpg.rf.b35f0877cb98d61222fa366ba3c2da68.jpg,305,145,381,333,Good Posture
austin_Frame610_jpg.rf.b3d15a6d5f504415604fefc4b27ba55b.jpg,338,165,410,353,Good Posture
ashlee_Frame936_jpg.rf.b4c2cbc15788aaaf8b658d5987c824a9.jpg,214,144,286,333,Good Posture
Frame846_jpg.rf.b19bec1af1dc071bcbab61158fca6395.jpg,300,179,374,359,Good Posture
Frame1413_jpg.rf.b4fe15b9368c2be231bcf125f83a7737.jpg,285,176,353,357,Good Posture
austin_Frame450_jpg.rf.b3606f78b4ec7030db551a49285b6604.jpg,296,167,361,352,Good Posture
austin_Frame653_jpg.rf.b6167974b91a98ea32d920bd07dd05f7.jpg,96,164,165,349,Good Posture
ashlee_Frame505_jpg.rf.b51bfadcbffe01b2629f661a8d53defe.jpg,290,147,358,333,Good Posture
austin_Frame762_jpg.rf.b5f5ad9e0306a69ff0b7a58368f5911b.jpg,138,164,229,353,Good Posture
Frame835_jpg.rf.b5ed08e0c7b67bf2e6a9eabd4d291a66.jpg,343,175,413,362,Good Posture
Frame220_jpg.rf.b5ab70dce8986331b74fe1d867d9de76.jpg,105,177,176,364,Good Posture
Frame402_jpg.rf.b793215ad8adb1e3930e7981d0fc6ad4.jpg,362,183,430,361,Good Posture
Frame342_jpg.rf.b6385933b1df7dfc68bb9cded5db15bf.jpg,66,177,144,359,Good Posture
Frame564_jpg.rf.b7b0d960f8c1930edcc7637d2251339b.jpg,194,180,258,361,Good Posture
austin_Frame406_jpg.rf.b830235d190bd32f4d773930d90bf04a.jpg,40,167,119,349,Good Posture
Frame1025_jpg.rf.b82758c8631546b633073ac66af77977.jpg,244,177,309,359,Good Posture
Frame391_jpg.rf.b72d742554558b61fddea45d2c9f283c.jpg,309,179,371,361,Good Posture
Frame844_jpg.rf.b85889d083188f6314670ba965a45855.jpg,309,175,383,363,Good Posture
Frame1421_jpg.rf.b390fe46291315c9006711ff352328b1.jpg,323,181,394,360,Good Posture
Frame1583_jpg.rf.b49516b12c4dbea6ef00762a59da865c.jpg,134,179,197,357,Good Posture
Frame178_jpg.rf.b9d76508e1c7cb5088c218c10c5b51e7.jpg,322,177,387,361,Good Posture
austin_Frame754_jpg.rf.b630e3fcbc7d4b3fdf83349848b59d49.jpg,97,166,183,349,Good Posture
Frame225_jpg.rf.b0b3eaf1ca8a0d07b7e57f4b066c2619.jpg,86,176,160,358,Good Posture
austin_Frame786_jpg.rf.ba1b5f437096985cab14eff3d63b4e41.jpg,277,157,351,352,Good Posture
austin_Frame618_jpg.rf.ba9b38ee6e17fee279c787ba7dd29373.jpg,302,165,373,350,Good Posture
ashlee_Frame553_jpg.rf.b5f7d448f9affb6b72a2af5f9bdb5dcf.jpg,17,163,90,356,Good Posture
ashlee_Frame603_jpg.rf.b9e392db794f609650d60dca72e2b3b3.jpg,215,173,280,353,Good Posture
austin_Frame1835_jpg.rf.b74b1e7e1ef8aba569c1ce39e4613d4f.jpg,312,178,383,359,Good Posture
Frame551_jpg.rf.bb61ac643472f3dae59fa822973034eb.jpg,252,178,310,360,Good Posture
Frame1197_jpg.rf.bb1909bf56d0b1e1f05febce8c2fec6d.jpg,279,179,345,362,Good Posture
Frame839_jpg.rf.bcd93b213f8bf536809ca3b9996e6c5f.jpg,329,176,401,360,Good Posture
Frame1018_jpg.rf.b9586fcbc36a7f4bf812a5db7b5a6802.jpg,213,175,278,358,Good Posture
Frame1192_jpg.rf.bbda97ba06b2b5ba78d490d6a2880796.jpg,304,181,365,360,Good Posture
Frame1222_jpg.rf.bd854a6637133fb2fa72be3a018bbf11.jpg,150,179,213,357,Good Posture
Frame704_jpg.rf.bdc9e27e9267d9f854c1aa03b92b99b9.jpg,188,179,268,361,Good Posture
Frame1429_jpg.rf.b9e2f35529a23c4d13d7f94d6a8caa85.jpg,370,177,431,366,Good Posture
ashlee_Frame615_jpg.rf.bb555b262aed729880ffb0186fb5485b.jpg,258,170,322,355,Good Posture
austin_Frame648_jpg.rf.bf5dbf04e2ae51b4c6fa003837b4526c.jpg,123,165,195,352,Good Posture
Frame874_jpg.rf.bf2ee979ded4427b90e976b5a69b2120.jpg,192,187,269,362,Good Posture
Frame1372_jpg.rf.bb9680a5cda1f318bcea03087cea2fc2.jpg,112,182,185,358,Good Posture
Frame866_jpg.rf.bf73584f7dc12b1f84e46f148d135a1f.jpg,226,181,294,359,Good Posture
ashlee_Frame875_jpg.rf.bdf0e07eec960277c7ccabcb332ec274.jpg,88,169,156,355,Good Posture
ashlee_Frame837_jpg.rf.c00c27c20b57197c96c61467e36a1c6a.jpg,254,171,329,357,Good Posture
austin_Frame451_jpg.rf.bd9b0760bcedc1ff60c9de422823fd2b.jpg,302,167,366,351,Good Posture
ashlee_Frame492_jpg.rf.bc7ba57d7a19a9273887e0d2307e1657.jpg,216,143,288,335,Good Posture
Frame1041_jpg.rf.bf43a57e1033e96e256981d199003165.jpg,317,174,382,360,Good Posture
Frame849_jpg.rf.baba182a3ce800c16dc5c0d0fbb6d53e.jpg,288,179,359,359,Good Posture
austin_Frame248_jpg.rf.bfabe8048d29c660393daf1cce173df0.jpg,280,163,364,352,Good Posture
Frame582_jpg.rf.be992fa3875e08d881f38fcabbbdaba8.jpg,123,181,193,358,Good Posture
ashlee_Frame92_jpg.rf.a71fcfad436a8749a50be3b0529d47e9.jpg,338,169,411,359,Good Posture
ashlee_Frame866_jpg.rf.beb782d351dca9ec839fcaab49513d36.jpg,126,167,202,355,Good Posture
ashlee_Frame403_jpg.rf.bff903ec62ebd65e50f4239f674a0318.jpg,203,163,269,355,Good Posture
Frame555_jpg.rf.bc648edf080944917e41dedd61e8cd0e.jpg,236,179,297,359,Good Posture
